name,price,size,img1
Men's Retro Business Stripe Print Half Sleeve POLO T-Shirt,99.0,S,https://cdn.shopify.com/s/files/1/0752/9316/3737/files/6c523710e957068c1be17e14c034583ab9c1d225-2000.jpg?v=1748507382
Men's Vintage Business Coconut Tree Logo Stripe Print Half Sleeve Polo T-Shirt,99.0,S,https://cdn.shopify.com/s/files/1/0752/9316/3737/files/2275327385aefa76472743d2d89f364c88d9a6b1-1200.jpg?v=1748507380
Men's Casual Business Stripe Logo Button Short Sleeve Polo T-Shirt,99.0,S,https://cdn.shopify.com/s/files/1/0752/9316/3737/files/8b5ef12486728ab1041dc06eabdd5e7094735ce6-1200.jpg?v=1748507379
Men's Casual Business Stripe Print Button-Down Short Sleeve Polo T-Shirt,99.0,S,https://cdn.shopify.com/s/files/1/0752/9316/3737/files/0ec8615e076f7222752d94799f59721578c2bfa8-1200.jpg?v=1748507377
Men's Retro Business Stripe Print Half Sleeve Polo T-Shirt,99.0,S,https://cdn.shopify.com/s/files/1/0752/9316/3737/files/d8cf83c361b844b9005cc6cebc3db2ced1444d15-1300_9ab368dc-54ff-4e71-94cb-ae4a64330b02.jpg?v=1748507375
,99.0,M,https://cdn.shopify.com/s/files/1/0752/9316/3737/files/d8cf83c361b844b9005cc6cebc3db2ced1444d15-1300_23fe9e5d-9fa2-4157-9f57-937c09ea2092.jpg?v=1748507375
,99.0,L,https://cdn.shopify.com/s/files/1/0752/9316/3737/files/d8cf83c361b844b9005cc6cebc3db2ced1444d15-1300.jpg?v=1748507375
,99.0,XL,https://cdn.shopify.com/s/files/1/0752/9316/3737/files/d8cf83c361b844b9005cc6cebc3db2ced1444d15-1300.jpg?v=1748507375
,99.0,2XL,https://cdn.shopify.com/s/files/1/0752/9316/3737/files/d8cf83c361b844b9005cc6cebc3db2ced1444d15-1300.jpg?v=1748507375
,99.0,3XL,https://cdn.shopify.com/s/files/1/0752/9316/3737/files/d8cf83c361b844b9005cc6cebc3db2ced1444d15-1300.jpg?v=1748507375
,99.0,4XL,https://cdn.shopify.com/s/files/1/0752/9316/3737/files/d8cf83c361b844b9005cc6cebc3db2ced1444d15-1300.jpg?v=1748507375
,99.0,5XL,https://cdn.shopify.com/s/files/1/0752/9316/3737/files/d8cf83c361b844b9005cc6cebc3db2ced1444d15-1300.jpg?v=1748507375
Men's Retro Business Stripe Print Half Sleeve POLO T-Shirt,99.0,S,https://cdn.shopify.com/s/files/1/0752/9316/3737/files/32ecb0a248bd1d88f604c6162e454657726f5ca7-1200.jpg?v=1748507371
,99.0,M,https://cdn.shopify.com/s/files/1/0752/9316/3737/files/32ecb0a248bd1d88f604c6162e454657726f5ca7-1200.jpg?v=1748507371
,99.0,L,https://cdn.shopify.com/s/files/1/0752/9316/3737/files/32ecb0a248bd1d88f604c6162e454657726f5ca7-1200.jpg?v=1748507371
,99.0,XL,https://cdn.shopify.com/s/files/1/0752/9316/3737/files/32ecb0a248bd1d88f604c6162e454657726f5ca7-1200.jpg?v=1748507371
,99.0,2XL,https://cdn.shopify.com/s/files/1/0752/9316/3737/files/32ecb0a248bd1d88f604c6162e454657726f5ca7-1200.jpg?v=1748507371
,99.0,3XL,https://cdn.shopify.com/s/files/1/0752/9316/3737/files/32ecb0a248bd1d88f604c6162e454657726f5ca7-1200.jpg?v=1748507371
,99.0,4XL,https://cdn.shopify.com/s/files/1/0752/9316/3737/files/32ecb0a248bd1d88f604c6162e454657726f5ca7-1200.jpg?v=1748507371
,99.0,5XL,https://cdn.shopify.com/s/files/1/0752/9316/3737/files/32ecb0a248bd1d88f604c6162e454657726f5ca7-1200.jpg?v=1748507371
Men's Vintage Business Short Sleeve Polo T-Shirt,99.0,M,https://cdn.shopify.com/s/files/1/0752/9316/3737/files/794b7e0cee63d95e2c221b579aa7a5346e377ab3-1800.jpg?v=1748507369
Men's Vintage Business Short Sleeve Polo T-Shirt,99.0,M,https://cdn.shopify.com/s/files/1/0752/9316/3737/files/24e147cd21a953f340e722dfa71a62e90bc85dee-1100.jpg?v=1748507367
Men's Business Stripe Logo Button-Down Short Sleeve Polo T-Shirt,99.0,S,https://cdn.shopify.com/s/files/1/0752/9316/3737/files/a75c3977cb36798e23d61d0e735a14d643a50407.jpg?v=1748507366
Men's Casual Business Button Short Sleeve Polo T-Shirt,99.0,S,https://cdn.shopify.com/s/files/1/0752/9316/3737/files/2b239f78e381f09aed2574469a2cc8a137f133fe.jpg?v=1748507364
Men's Casual Business Button Short Sleeve Polo T-Shirt,99.0,S,https://cdn.shopify.com/s/files/1/0752/9316/3737/files/4b63de01ec62f5b707e7ba9b6bf7406bbc7945b7.jpg?v=1748507362
Men's Vintage Business Short Sleeve Polo T-Shirt,99.0,M,https://cdn.shopify.com/s/files/1/0752/9316/3737/files/aca75ef39c705a1dcab0506a5ea0d7db46bb1ed1-1000.jpg?v=1748507360
Men's Vintage Business Short Sleeve Polo T-Shirt,99.0,M,https://cdn.shopify.com/s/files/1/0752/9316/3737/files/ebd72a6acb30ee95700e0ce6d2916a928139a47b-1300.jpg?v=1748507358
Men's Vintage Business Short Sleeve Polo T-Shirt,99.0,M,https://cdn.shopify.com/s/files/1/0752/9316/3737/files/a5f711ebc78eefe6962d86b4221638872b7a3943-1100.jpg?v=1748507357
Men's Vintage Business Short Sleeve Polo T-Shirt,99.0,M,https://cdn.shopify.com/s/files/1/0752/9316/3737/files/4d1d1884b6576fb12fb4e6cfd4201cfc7662b494-1100.jpg?v=1748507355
Men's Vintage Business Half Sleeve Polo T-Shirt,99.0,M,https://cdn.shopify.com/s/files/1/0752/9316/3737/files/1323735fda3f4e0bc0d4f91481230d5d0e0d205b.jpg?v=1748507353
Men's Vintage Business Short Sleeve Polo T-Shirt,99.0,M,https://cdn.shopify.com/s/files/1/0752/9316/3737/files/beed60d19d68a186c255e8b8344a0e4cc33e513d.jpg?v=1748507351
Men's Vintage Business Short Sleeve Polo T-Shirt,99.0,M,https://cdn.shopify.com/s/files/1/0752/9316/3737/files/24169106d4da4bb40025796bfc5379de1bf9011c.png?v=1748507349
Men's Business Luxury Printed Button Short Sleeve Polo T-Shirt,99.0,M,https://cdn.shopify.com/s/files/1/0752/9316/3737/files/6b65a8a200ed7c75c0bc48ac0566d2b43d55f20a-2000.jpg?v=1748507348
Men's Business Luxury Printed Button Short Sleeve Polo T-Shirt,99.0,M,https://cdn.shopify.com/s/files/1/0752/9316/3737/files/1e911048c63f287671ece03597467628ae7be401-1600.jpg?v=1748507346
Men's Business Luxury Printed Button Short Sleeve Polo T-Shirt,99.0,M,https://cdn.shopify.com/s/files/1/0752/9316/3737/files/6a5331a82cd024c45080dfadb2ecc9945ba2feb9-1600.jpg?v=1748507344
Men's Business Luxury Printed Button Short Sleeve Polo T-Shirt,99.0,M,https://cdn.shopify.com/s/files/1/0752/9316/3737/files/d0c0c70e50c0d2d9d503c113c922cb8474351f23-1200.jpg?v=1748507341
Men's Business Luxury Printed Button Short Sleeve Polo T-Shirt,99.0,S,https://cdn.shopify.com/s/files/1/0752/9316/3737/files/33ceb6328c825acaab5cde7960def0dbf98ad493-1600.jpg?v=1748507339
Men's Business Luxury Printed Button Short Sleeve Polo T-Shirt,99.0,M,https://cdn.shopify.com/s/files/1/0752/9316/3737/files/8cb57a2afdb4f04b1956f1281701679f7ce3e6d4_1.jpg?v=1748507337
Men's Business Luxury Printed Button Short Sleeve Polo T-Shirt,99.0,M,https://cdn.shopify.com/s/files/1/0752/9316/3737/files/811961043b17f53b0992a6b63774b9e2fa34f18e.jpg?v=1748507335
Men's Business Luxury Printed Button Short Sleeve Polo T-Shirt,99.0,S,https://cdn.shopify.com/s/files/1/0752/9316/3737/files/aaa7fb9a531f0981f972404f279d9dee12a33531-1000.jpg?v=1748507333
Men's Business Luxury Printed Button Short Sleeve Polo T-Shirt,99.0,M,https://cdn.shopify.com/s/files/1/0752/9316/3737/files/b0b89fcdf7cbbd06f97cfd8c9012648d8b264077-1600.jpg?v=1748507331
Men's Business Luxury Printed Button Short Sleeve Polo T-Shirt,99.0,M,https://cdn.shopify.com/s/files/1/0752/9316/3737/files/edf918056a2113a449d3c0be6a7d2faf78ea1cf1-1600.jpg?v=1748507329
Men's Business Luxury Printed Button Short Sleeve Polo T-Shirt,99.0,S,https://cdn.shopify.com/s/files/1/0752/9316/3737/files/9786818fb9c1b8f61ad2a8f550044f554ac21ba2-2000.jpg?v=1748507326
Men's Business Stripe Logo Button-Down Short Sleeve Polo T-Shirt,99.0,S,https://cdn.shopify.com/s/files/1/0752/9316/3737/files/818a26439c348be9698c9b12b42e23d51de868b7.jpg?v=1748507324
Men's Business Logo Button-Down Short Sleeve Polo T-Shirt,99.0,M,https://cdn.shopify.com/s/files/1/0752/9316/3737/files/4a042bea4a4f8b0e8041008cb08f700db418199d-1200.png?v=1748507322
Men's Business Stripe Logo Button-Down Short Sleeve Polo T-Shirt,99.0,S,https://cdn.shopify.com/s/files/1/0752/9316/3737/files/5f12e0f7576ec9e0806f115ba2f64ac8fa5fd363-1300.jpg?v=1748507320
Men's Business Stripe Logo Button-Down Short Sleeve Polo T-Shirt,99.0,S,https://cdn.shopify.com/s/files/1/0752/9316/3737/files/e972427097ea216534221c98a62d70603ceabc71-1100.jpg?v=1748507318
Men's Casual Business Short Sleeve Polo T-Shirt,99.0,M,https://cdn.shopify.com/s/files/1/0752/9316/3737/files/528916e6e7da5f2774f9ca597ac5daa80dce0874-1300.jpg?v=1748507316
Men's Casual Business Stripe Print Button-Down Short Sleeve Polo T-Shirt,99.0,M,https://cdn.shopify.com/s/files/1/0752/9316/3737/files/3d1325e32626a9660f3a5991de29c309741a2d3e-1100.jpg?v=1748507313
Men's Casual Business Button Short Sleeve Polo T-Shirt,99.0,M,https://cdn.shopify.com/s/files/1/0752/9316/3737/files/1d9445b8cf3dcfc4326ff8fca6de05cdde3bf7f4-1200.jpg?v=1748507311
Men's Casual Business Stripe Print Button-Down Short Sleeve Polo T-Shirt,99.0,M,https://cdn.shopify.com/s/files/1/0752/9316/3737/files/7526579e5dd23719d1b67c55f5d39073c96bdd62-1200.jpg?v=1748507309
Men's Vintage Business Short Sleeve Polo T-Shirt,99.0,M,https://cdn.shopify.com/s/files/1/0752/9316/3737/files/a7aa4a3023e2f4f6cd5971f50a03f97d10fe042f-1000.jpg?v=1748507307
Men's Retro Business Stripe Print Half Sleeve POLO T-Shirt,99.0,M,https://cdn.shopify.com/s/files/1/0752/9316/3737/files/bc8a9066551436a05a917fedfd2633021d68cc53.jpg?v=1748507304
Men's Vintage Business Half Sleeve Polo T-Shirt,99.0,M,https://cdn.shopify.com/s/files/1/0752/9316/3737/files/7201f2b587656eb4c6a3f5e7eb7fbd1491097c3f-1100.jpg?v=1748507302
Men's Vintage Business Half Sleeve Polo T-Shirt,99.0,M,https://cdn.shopify.com/s/files/1/0752/9316/3737/files/a920442a898a9603ebbfd70d7bf2f78538b0e59d-1000.jpg?v=1748507301
Men's Vintage Business Short Sleeve Polo T-Shirt,99.0,M,https://cdn.shopify.com/s/files/1/0752/9316/3737/files/fe9f4a1c3f6950b14b98d44dd41718a80e20c5f8-1000.jpg?v=1748507299
Men's Vintage Business Short Sleeve Polo T-Shirt,99.0,M,https://cdn.shopify.com/s/files/1/0752/9316/3737/files/6061d4e324ef6b54faa1eafa256d08ba419e4dc1-1200.png?v=1748507297
Men's Vintage Business Short Sleeve Polo T-Shirt,99.0,M,https://cdn.shopify.com/s/files/1/0752/9316/3737/files/dd100ed3e04d74b9480889838db235eeecd4ec51-1000.jpg?v=1748507295
Men's Vintage Business Short Sleeve Polo T-Shirt,99.0,M,https://cdn.shopify.com/s/files/1/0752/9316/3737/files/d0b2fef9fcd6fe43bd694917e104fc184df7f711-1000.jpg?v=1748507292
Men's Vintage Business Half Sleeve Polo T-Shirt,99.0,M,https://cdn.shopify.com/s/files/1/0752/9316/3737/files/aaebf6d5b726226af95c25a1d1948b9323c5d792-1200.png?v=1748507290
Men's Casual Business Button Short Sleeve Polo T-Shirt,99.0,M,https://cdn.shopify.com/s/files/1/0752/9316/3737/files/8d80e1f115a7737146347ccdfff8b3000f33470e-1200.jpg?v=1748507288
Men's Retro Business Stripe Print Long Sleeve Polo T-Shirt,99.0,M,https://cdn.shopify.com/s/files/1/0752/9316/3737/files/4d89e7a92e556e98b2962e15c1fb8f481c710ae7-1200.jpg?v=1748507287
Men's Business Stripe Logo Button-Down Short Sleeve Polo T-Shirt,99.0,M,https://cdn.shopify.com/s/files/1/0752/9316/3737/files/76758ec89764f801cf3fddb4a9f404d989f4955c-1000.jpg?v=1748507283
Men's Business Logo Button-Down Short Sleeve Polo T-Shirt,99.0,M,https://cdn.shopify.com/s/files/1/0752/9316/3737/files/b8254728e928a3354c77bed9b3874961220acbb1-900.png?v=1748507281
Men's Casual Business Button Short Sleeve Polo T-Shirt,99.0,M,https://cdn.shopify.com/s/files/1/0752/9316/3737/files/37fb778a1c53e71d5ba873b86942446fd5f39547-1800.jpg?v=1748507279
Men's Business Stripe Logo Button-Down Short Sleeve Polo T-Shirt,99.0,M,https://cdn.shopify.com/s/files/1/0752/9316/3737/files/66a9d70a4d0b87f55f6b8ef38f2e057721afc132-2000.jpg?v=1748507276
Men's Business Stripe Logo Button-Down Short Sleeve Polo T-Shirt,99.0,M,https://cdn.shopify.com/s/files/1/0752/9316/3737/files/da99f7d9f0cf4cb20f499c7398b51b7da35f30c5-900.jpg?v=1748507275
Men's Retro Business Stripe Print Half Sleeve POLO T-Shirt,99.0,M,https://cdn.shopify.com/s/files/1/0752/9316/3737/files/0047f9c6e3892f01ed55c6c729b6d0ea8e188205.jpg?v=1748507273
Men's Vintage Business Half Sleeve Polo T-Shirt,99.0,M,https://cdn.shopify.com/s/files/1/0752/9316/3737/files/fffca7eb235fa5c39b6227dd0415a618ff43bd05-900.jpg?v=1748507271
Men's Business Luxury Printed Button Short Sleeve Polo T-Shirt,99.0,S,https://cdn.shopify.com/s/files/1/0752/9316/3737/files/320ceaa9480522cc9c72e8bb0de8dd91c849087f-1200.jpg?v=1748507269
Eminence Icon Legacy Polo T-Shirt,99.0,M/40,https://cdn.shopify.com/s/files/1/0752/9316/3737/files/AZORTA_5.png?v=1748507267
,99.0,M/40,https://cdn.shopify.com/s/files/1/0752/9316/3737/files/AZORTA_6.png?v=1748507267
,99.0,M/40,https://cdn.shopify.com/s/files/1/0752/9316/3737/files/AZORTA_7.png?v=1748507267
,99.0,L/42,https://cdn.shopify.com/s/files/1/0752/9316/3737/files/AZORTA_5.png?v=1748507267
,99.0,L/42,https://cdn.shopify.com/s/files/1/0752/9316/3737/files/AZORTA_6.png?v=1748507267
,99.0,L/42,https://cdn.shopify.com/s/files/1/0752/9316/3737/files/AZORTA_7.png?v=1748507267
,99.0,XL/44,https://cdn.shopify.com/s/files/1/0752/9316/3737/files/AZORTA_5.png?v=1748507267
,99.0,XL/44,https://cdn.shopify.com/s/files/1/0752/9316/3737/files/AZORTA_6.png?v=1748507267
,99.0,XL/44,https://cdn.shopify.com/s/files/1/0752/9316/3737/files/AZORTA_7.png?v=1748507267
,99.0,XXL/46,https://cdn.shopify.com/s/files/1/0752/9316/3737/files/AZORTA_5.png?v=1748507267
,99.0,XXL/46,https://cdn.shopify.com/s/files/1/0752/9316/3737/files/AZORTA_6.png?v=1748507267
,99.0,XXL/46,https://cdn.shopify.com/s/files/1/0752/9316/3737/files/AZORTA_7.png?v=1748507267
Geometric Grid Luxe Polo T-Shirt,99.0,M,https://cdn.shopify.com/s/files/1/0752/9316/3737/files/MIPAZO_1.jpg?v=1748507256
,99.0,M,https://cdn.shopify.com/s/files/1/0752/9316/3737/files/MIPAZO_4.jpg?v=1748507256
,99.0,M,https://cdn.shopify.com/s/files/1/0752/9316/3737/files/MIPAZO_5.jpg?v=1748507256
,99.0,M,https://cdn.shopify.com/s/files/1/0752/9316/3737/files/MIPAZO_2.jpg?v=1748507256
,99.0,M,https://cdn.shopify.com/s/files/1/0752/9316/3737/files/MIPAZO_3.jpg?v=1748507256
,99.0,L,https://cdn.shopify.com/s/files/1/0752/9316/3737/files/MIPAZO_1.jpg?v=1748507256
,99.0,L,https://cdn.shopify.com/s/files/1/0752/9316/3737/files/MIPAZO_4.jpg?v=1748507256
,99.0,L,https://cdn.shopify.com/s/files/1/0752/9316/3737/files/MIPAZO_5.jpg?v=1748507256
,99.0,L,https://cdn.shopify.com/s/files/1/0752/9316/3737/files/MIPAZO_2.jpg?v=1748507256
,99.0,L,https://cdn.shopify.com/s/files/1/0752/9316/3737/files/MIPAZO_3.jpg?v=1748507256
,99.0,XL,https://cdn.shopify.com/s/files/1/0752/9316/3737/files/MIPAZO_1.jpg?v=1748507256
,99.0,XL,https://cdn.shopify.com/s/files/1/0752/9316/3737/files/MIPAZO_4.jpg?v=1748507256
,99.0,XL,https://cdn.shopify.com/s/files/1/0752/9316/3737/files/MIPAZO_5.jpg?v=1748507256
,99.0,XL,https://cdn.shopify.com/s/files/1/0752/9316/3737/files/MIPAZO_2.jpg?v=1748507256
,99.0,XL,https://cdn.shopify.com/s/files/1/0752/9316/3737/files/MIPAZO_3.jpg?v=1748507256
,99.0,XXL,https://cdn.shopify.com/s/files/1/0752/9316/3737/files/MIPAZO_1.jpg?v=1748507256
,99.0,XXL,https://cdn.shopify.com/s/files/1/0752/9316/3737/files/MIPAZO_4.jpg?v=1748507256
,99.0,XXL,https://cdn.shopify.com/s/files/1/0752/9316/3737/files/MIPAZO_5.jpg?v=1748507256
,99.0,XXL,https://cdn.shopify.com/s/files/1/0752/9316/3737/files/MIPAZO_2.jpg?v=1748507256
,99.0,XXL,https://cdn.shopify.com/s/files/1/0752/9316/3737/files/MIPAZO_3.jpg?v=1748507256
Couture Elite Striped Polo T-Shirt,99.0,M/40,https://cdn.shopify.com/s/files/1/0752/9316/3737/files/ssp1_4.png?v=1748507245
,99.0,M/40,https://cdn.shopify.com/s/files/1/0752/9316/3737/files/ssp1_3.png?v=1748507245
,99.0,M/40,https://cdn.shopify.com/s/files/1/0752/9316/3737/files/ssp1_2.png?v=1748507245
,99.0,M/40,https://cdn.shopify.com/s/files/1/0752/9316/3737/files/ssp1_1.png?v=1748507245
,99.0,L/42,https://cdn.shopify.com/s/files/1/0752/9316/3737/files/ssp1_4.png?v=1748507245
,99.0,L/42,https://cdn.shopify.com/s/files/1/0752/9316/3737/files/ssp1_3.png?v=1748507245
,99.0,L/42,https://cdn.shopify.com/s/files/1/0752/9316/3737/files/ssp1_2.png?v=1748507245
,99.0,L/42,https://cdn.shopify.com/s/files/1/0752/9316/3737/files/ssp1_1.png?v=1748507245
,99.0,XL/44,https://cdn.shopify.com/s/files/1/0752/9316/3737/files/ssp1_4.png?v=1748507245
,99.0,XL/44,https://cdn.shopify.com/s/files/1/0752/9316/3737/files/ssp1_3.png?v=1748507245
,99.0,XL/44,https://cdn.shopify.com/s/files/1/0752/9316/3737/files/ssp1_2.png?v=1748507245
,99.0,XL/44,https://cdn.shopify.com/s/files/1/0752/9316/3737/files/ssp1_1.png?v=1748507245
,99.0,XXL/46,https://cdn.shopify.com/s/files/1/0752/9316/3737/files/ssp1_4.png?v=1748507245
,99.0,XXL/46,https://cdn.shopify.com/s/files/1/0752/9316/3737/files/ssp1_3.png?v=1748507245
,99.0,XXL/46,https://cdn.shopify.com/s/files/1/0752/9316/3737/files/ssp1_2.png?v=1748507245
,99.0,XXL/46,https://cdn.shopify.com/s/files/1/0752/9316/3737/files/ssp1_1.png?v=1748507245
Elite Prestige Collar Polo T-Shirt,99.0,M/40,https://cdn.shopify.com/s/files/1/0752/9316/3737/files/AZORTA_1.jpg?v=1748507235
,99.0,M/40,https://cdn.shopify.com/s/files/1/0752/9316/3737/files/AZORTA_2.jpg?v=1748507235
,99.0,M/40,https://cdn.shopify.com/s/files/1/0752/9316/3737/files/AZORTA_3.jpg?v=1748507235
,99.0,L/42,https://cdn.shopify.com/s/files/1/0752/9316/3737/files/AZORTA_1.jpg?v=1748507235
,99.0,L/42,https://cdn.shopify.com/s/files/1/0752/9316/3737/files/AZORTA_2.jpg?v=1748507235
,99.0,L/42,https://cdn.shopify.com/s/files/1/0752/9316/3737/files/AZORTA_3.jpg?v=1748507235
,99.0,XL/44,https://cdn.shopify.com/s/files/1/0752/9316/3737/files/AZORTA_1.jpg?v=1748507235
,99.0,XL/44,https://cdn.shopify.com/s/files/1/0752/9316/3737/files/AZORTA_2.jpg?v=1748507235
,99.0,XL/44,https://cdn.shopify.com/s/files/1/0752/9316/3737/files/AZORTA_3.jpg?v=1748507235
,99.0,XXL/46,https://cdn.shopify.com/s/files/1/0752/9316/3737/files/AZORTA_1.jpg?v=1748507235
,99.0,XXL/46,https://cdn.shopify.com/s/files/1/0752/9316/3737/files/AZORTA_2.jpg?v=1748507235
,99.0,XXL/46,https://cdn.shopify.com/s/files/1/0752/9316/3737/files/AZORTA_3.jpg?v=1748507235
Heritage Plaid Emblem Polo T-Shirt,99.0,M,https://cdn.shopify.com/s/files/1/0752/9316/3737/files/MIPAZO_1.png?v=1748507228
,99.0,M,https://cdn.shopify.com/s/files/1/0752/9316/3737/files/MIPAZO_2.png?v=1748507228
,99.0,L,https://cdn.shopify.com/s/files/1/0752/9316/3737/files/MIPAZO_1.png?v=1748507228
,99.0,L,https://cdn.shopify.com/s/files/1/0752/9316/3737/files/MIPAZO_2.png?v=1748507228
,99.0,XL,https://cdn.shopify.com/s/files/1/0752/9316/3737/files/MIPAZO_1.png?v=1748507228
,99.0,XL,https://cdn.shopify.com/s/files/1/0752/9316/3737/files/MIPAZO_2.png?v=1748507228
,99.0,XXL,https://cdn.shopify.com/s/files/1/0752/9316/3737/files/MIPAZO_1.png?v=1748507228
,99.0,XXL,https://cdn.shopify.com/s/files/1/0752/9316/3737/files/MIPAZO_2.png?v=1748507228
Elegant  Plaid Emblem Polo T-Shirt,99.0,M,https://cdn.shopify.com/s/files/1/0752/9316/3737/files/Az_HHHH_B_MI_SP__1734350193389_jpg.png?v=1748507219
,99.0,M,https://cdn.shopify.com/s/files/1/0752/9316/3737/files/Az_HHHH_B_MI_SP__1734350190951_jpg.png?v=1748507219
,99.0,L,https://cdn.shopify.com/s/files/1/0752/9316/3737/files/Az_HHHH_B_MI_SP__1734350193389_jpg.png?v=1748507219
,99.0,L,https://cdn.shopify.com/s/files/1/0752/9316/3737/files/Az_HHHH_B_MI_SP__1734350190951_jpg.png?v=1748507219
,99.0,XL,https://cdn.shopify.com/s/files/1/0752/9316/3737/files/Az_HHHH_B_MI_SP__1734350193389_jpg.png?v=1748507219
,99.0,XL,https://cdn.shopify.com/s/files/1/0752/9316/3737/files/Az_HHHH_B_MI_SP__1734350190951_jpg.png?v=1748507219
,99.0,XXL,https://cdn.shopify.com/s/files/1/0752/9316/3737/files/Az_HHHH_B_MI_SP__1734350193389_jpg.png?v=1748507219
,99.0,XXL,https://cdn.shopify.com/s/files/1/0752/9316/3737/files/Az_HHHH_B_MI_SP__1734350190951_jpg.png?v=1748507219
Oxford Elite Striped Polo,99.0,M/40,https://cdn.shopify.com/s/files/1/0752/9316/3737/files/Poshpeno_7.png?v=1748507210
,99.0,M/40,https://cdn.shopify.com/s/files/1/0752/9316/3737/files/Poshpeno_6.png?v=1748507210
,99.0,M/40,https://cdn.shopify.com/s/files/1/0752/9316/3737/files/Poshpeno_5.png?v=1748507210
,99.0,L/42,https://cdn.shopify.com/s/files/1/0752/9316/3737/files/Poshpeno_7.png?v=1748507210
,99.0,L/42,https://cdn.shopify.com/s/files/1/0752/9316/3737/files/Poshpeno_6.png?v=1748507210
,99.0,L/42,https://cdn.shopify.com/s/files/1/0752/9316/3737/files/Poshpeno_5.png?v=1748507210
,99.0,XL/44,https://cdn.shopify.com/s/files/1/0752/9316/3737/files/Poshpeno_7.png?v=1748507210
,99.0,XL/44,https://cdn.shopify.com/s/files/1/0752/9316/3737/files/Poshpeno_6.png?v=1748507210
,99.0,XL/44,https://cdn.shopify.com/s/files/1/0752/9316/3737/files/Poshpeno_5.png?v=1748507210
,99.0,XXL/46,https://cdn.shopify.com/s/files/1/0752/9316/3737/files/Poshpeno_7.png?v=1748507210
,99.0,XXL/46,https://cdn.shopify.com/s/files/1/0752/9316/3737/files/Poshpeno_6.png?v=1748507210
,99.0,XXL/46,https://cdn.shopify.com/s/files/1/0752/9316/3737/files/Poshpeno_5.png?v=1748507210
Executive Stripe Crest Polo,99.0,M/40,https://cdn.shopify.com/s/files/1/0752/9316/3737/files/Poshpeno_6.jpg?v=1748507198
,99.0,M/40,https://cdn.shopify.com/s/files/1/0752/9316/3737/files/Poshpeno_7.jpg?v=1748507198
,99.0,M/40,https://cdn.shopify.com/s/files/1/0752/9316/3737/files/Poshpeno_8.jpg?v=1748507198
,99.0,L/42,https://cdn.shopify.com/s/files/1/0752/9316/3737/files/Poshpeno_6.jpg?v=1748507198
,99.0,L/42,https://cdn.shopify.com/s/files/1/0752/9316/3737/files/Poshpeno_7.jpg?v=1748507198
,99.0,L/42,https://cdn.shopify.com/s/files/1/0752/9316/3737/files/Poshpeno_8.jpg?v=1748507198
,99.0,XL/44,https://cdn.shopify.com/s/files/1/0752/9316/3737/files/Poshpeno_6.jpg?v=1748507198
,99.0,XL/44,https://cdn.shopify.com/s/files/1/0752/9316/3737/files/Poshpeno_7.jpg?v=1748507198
,99.0,XL/44,https://cdn.shopify.com/s/files/1/0752/9316/3737/files/Poshpeno_8.jpg?v=1748507198
,99.0,XXL/46,https://cdn.shopify.com/s/files/1/0752/9316/3737/files/Poshpeno_6.jpg?v=1748507198
,99.0,XXL/46,https://cdn.shopify.com/s/files/1/0752/9316/3737/files/Poshpeno_7.jpg?v=1748507198
,99.0,XXL/46,https://cdn.shopify.com/s/files/1/0752/9316/3737/files/Poshpeno_8.jpg?v=1748507198
Urban Stripe Knit Polo T-Shirt,149.0,S/38,https://cdn.shopify.com/s/files/1/0752/9316/3737/files/Posh_Usk_MI_SP__1728902168236_jpg.png?v=1748507183
,149.0,M/40,https://cdn.shopify.com/s/files/1/0752/9316/3737/files/Posh_Usk_MI_SP__1728902126095_jpg.png?v=1748507183
,149.0,L/42,https://cdn.shopify.com/s/files/1/0752/9316/3737/files/Posh_Usk_MI_SP__1728902123536_jpg.png?v=1748507183
,149.0,XL/44,https://cdn.shopify.com/s/files/1/0752/9316/3737/files/Posh_Usk_MI_SP__1728902220255_jpg.png?v=1748507183
Heraldic Weave Signature Polo T-Shirt,149.0,M/40,https://cdn.shopify.com/s/files/1/0752/9316/3737/files/PPM_5.jpg?v=1748507174
,149.0,M/40,https://cdn.shopify.com/s/files/1/0752/9316/3737/files/PPM_7.jpg?v=1748507174
,149.0,M/40,https://cdn.shopify.com/s/files/1/0752/9316/3737/files/PPM_8.jpg?v=1748507174
,149.0,L/42,https://cdn.shopify.com/s/files/1/0752/9316/3737/files/PPM_5.jpg?v=1748507174
,149.0,L/42,https://cdn.shopify.com/s/files/1/0752/9316/3737/files/PPM_7.jpg?v=1748507174
,149.0,L/42,https://cdn.shopify.com/s/files/1/0752/9316/3737/files/PPM_8.jpg?v=1748507174
,149.0,XL/44,https://cdn.shopify.com/s/files/1/0752/9316/3737/files/PPM_5.jpg?v=1748507174
,149.0,XL/44,https://cdn.shopify.com/s/files/1/0752/9316/3737/files/PPM_7.jpg?v=1748507174
,149.0,XL/44,https://cdn.shopify.com/s/files/1/0752/9316/3737/files/PPM_8.jpg?v=1748507174
,149.0,XXL/46,https://cdn.shopify.com/s/files/1/0752/9316/3737/files/PPM_5.jpg?v=1748507174
,149.0,XXL/46,https://cdn.shopify.com/s/files/1/0752/9316/3737/files/PPM_7.jpg?v=1748507174
,149.0,XXL/46,https://cdn.shopify.com/s/files/1/0752/9316/3737/files/PPM_8.jpg?v=1748507174
Eternal Gaolin Branded Polo T-Shirt,149.0,M/40,https://cdn.shopify.com/s/files/1/0752/9316/3737/files/1721391771072-853682509.jpg?v=1748507167
,149.0,M/40,https://cdn.shopify.com/s/files/1/0752/9316/3737/files/1721391771011--1521303695.jpg?v=1748507167
,149.0,M/40,https://cdn.shopify.com/s/files/1/0752/9316/3737/files/1721391771044--1214508443.jpg?v=1748507167
,149.0,M/40,https://cdn.shopify.com/s/files/1/0752/9316/3737/files/1721391771152-976963792.jpg?v=1748507167
,149.0,M/40,https://cdn.shopify.com/s/files/1/0752/9316/3737/files/PoshpenoGao_share_1721453826255_jpg.png?v=1748507167
,149.0,L/42,https://cdn.shopify.com/s/files/1/0752/9316/3737/files/1721391771072-853682509.jpg?v=1748507167
,149.0,L/42,https://cdn.shopify.com/s/files/1/0752/9316/3737/files/1721391771011--1521303695.jpg?v=1748507167
,149.0,L/42,https://cdn.shopify.com/s/files/1/0752/9316/3737/files/1721391771044--1214508443.jpg?v=1748507167
,149.0,L/42,https://cdn.shopify.com/s/files/1/0752/9316/3737/files/1721391771152-976963792.jpg?v=1748507167
,149.0,L/42,https://cdn.shopify.com/s/files/1/0752/9316/3737/files/PoshpenoGao_share_1721453826255_jpg.png?v=1748507167
,149.0,XL/44,https://cdn.shopify.com/s/files/1/0752/9316/3737/files/1721391771072-853682509.jpg?v=1748507167
,149.0,XL/44,https://cdn.shopify.com/s/files/1/0752/9316/3737/files/1721391771011--1521303695.jpg?v=1748507167
,149.0,XL/44,https://cdn.shopify.com/s/files/1/0752/9316/3737/files/1721391771044--1214508443.jpg?v=1748507167
,149.0,XL/44,https://cdn.shopify.com/s/files/1/0752/9316/3737/files/1721391771152-976963792.jpg?v=1748507167
,149.0,XL/44,https://cdn.shopify.com/s/files/1/0752/9316/3737/files/PoshpenoGao_share_1721453826255_jpg.png?v=1748507167
,149.0,XXL/46,https://cdn.shopify.com/s/files/1/0752/9316/3737/files/1721391771072-853682509.jpg?v=1748507167
,149.0,XXL/46,https://cdn.shopify.com/s/files/1/0752/9316/3737/files/1721391771011--1521303695.jpg?v=1748507167
,149.0,XXL/46,https://cdn.shopify.com/s/files/1/0752/9316/3737/files/1721391771044--1214508443.jpg?v=1748507167
,149.0,XXL/46,https://cdn.shopify.com/s/files/1/0752/9316/3737/files/1721391771152-976963792.jpg?v=1748507167
,149.0,XXL/46,https://cdn.shopify.com/s/files/1/0752/9316/3737/files/PoshpenoGao_share_1721453826255_jpg.png?v=1748507167
Eternal Bimiane Textured Polo T-Shirt,149.0,M/40,https://cdn.shopify.com/s/files/1/0752/9316/3737/files/Pp_bimiane_p3__1725008834771_jpg.png?v=1748507161
,149.0,M/40,https://cdn.shopify.com/s/files/1/0752/9316/3737/files/Pp_bimiane_p3__1725008838136_jpg.png?v=1748507161
,149.0,M/40,https://cdn.shopify.com/s/files/1/0752/9316/3737/files/Pp_bimiane_p3__1725008847360_jpg.png?v=1748507161
,149.0,M/40,https://cdn.shopify.com/s/files/1/0752/9316/3737/files/Pp_bimiane_p3__1725008851004_jpg.png?v=1748507161
,149.0,L/42,https://cdn.shopify.com/s/files/1/0752/9316/3737/files/Pp_bimiane_p3__1725008834771_jpg.png?v=1748507161
,149.0,L/42,https://cdn.shopify.com/s/files/1/0752/9316/3737/files/Pp_bimiane_p3__1725008838136_jpg.png?v=1748507161
,149.0,L/42,https://cdn.shopify.com/s/files/1/0752/9316/3737/files/Pp_bimiane_p3__1725008847360_jpg.png?v=1748507161
,149.0,L/42,https://cdn.shopify.com/s/files/1/0752/9316/3737/files/Pp_bimiane_p3__1725008851004_jpg.png?v=1748507161
,149.0,XL/44,https://cdn.shopify.com/s/files/1/0752/9316/3737/files/Pp_bimiane_p3__1725008834771_jpg.png?v=1748507161
,149.0,XL/44,https://cdn.shopify.com/s/files/1/0752/9316/3737/files/Pp_bimiane_p3__1725008838136_jpg.png?v=1748507161
,149.0,XL/44,https://cdn.shopify.com/s/files/1/0752/9316/3737/files/Pp_bimiane_p3__1725008847360_jpg.png?v=1748507161
,149.0,XL/44,https://cdn.shopify.com/s/files/1/0752/9316/3737/files/Pp_bimiane_p3__1725008851004_jpg.png?v=1748507161
,149.0,XXL/46,https://cdn.shopify.com/s/files/1/0752/9316/3737/files/Pp_bimiane_p3__1725008834771_jpg.png?v=1748507161
,149.0,XXL/46,https://cdn.shopify.com/s/files/1/0752/9316/3737/files/Pp_bimiane_p3__1725008838136_jpg.png?v=1748507161
,149.0,XXL/46,https://cdn.shopify.com/s/files/1/0752/9316/3737/files/Pp_bimiane_p3__1725008847360_jpg.png?v=1748507161
,149.0,XXL/46,https://cdn.shopify.com/s/files/1/0752/9316/3737/files/Pp_bimiane_p3__1725008851004_jpg.png?v=1748507161
Iconic Crest Polo T-Shirt,149.0,S/38,https://cdn.shopify.com/s/files/1/0752/9316/3737/files/POSH_2.png?v=1748507151
,149.0,S/38,https://cdn.shopify.com/s/files/1/0752/9316/3737/files/POSH_1.png?v=1748507151
,149.0,M/40,https://cdn.shopify.com/s/files/1/0752/9316/3737/files/POSH_2.png?v=1748507151
,149.0,M/40,https://cdn.shopify.com/s/files/1/0752/9316/3737/files/POSH_1.png?v=1748507151
,149.0,L/42,https://cdn.shopify.com/s/files/1/0752/9316/3737/files/POSH_2.png?v=1748507151
,149.0,L/42,https://cdn.shopify.com/s/files/1/0752/9316/3737/files/POSH_1.png?v=1748507151
,149.0,XL/44,https://cdn.shopify.com/s/files/1/0752/9316/3737/files/POSH_2.png?v=1748507151
,149.0,XL/44,https://cdn.shopify.com/s/files/1/0752/9316/3737/files/POSH_1.png?v=1748507151
,149.0,XXL/46,https://cdn.shopify.com/s/files/1/0752/9316/3737/files/POSH_2.png?v=1748507151
,149.0,XXL/46,https://cdn.shopify.com/s/files/1/0752/9316/3737/files/POSH_1.png?v=1748507151
Luxe Plaid Branded Polo T-Shirts,149.0,S/38,https://cdn.shopify.com/s/files/1/0752/9316/3737/files/PP_Pso51724958213343-463569483.jpg?v=1748507145
,149.0,S/38,https://cdn.shopify.com/s/files/1/0752/9316/3737/files/PP_Pso51724958213393-1832666894_1.jpg?v=1748507145
,149.0,S/38,https://cdn.shopify.com/s/files/1/0752/9316/3737/files/PP_Pso51724958213244--1660494088.jpg?v=1748507145
,149.0,M/40,https://cdn.shopify.com/s/files/1/0752/9316/3737/files/PP_Pso51724958213343-463569483.jpg?v=1748507145
,149.0,M/40,https://cdn.shopify.com/s/files/1/0752/9316/3737/files/PP_Pso51724958213393-1832666894_1.jpg?v=1748507145
,149.0,M/40,https://cdn.shopify.com/s/files/1/0752/9316/3737/files/PP_Pso51724958213244--1660494088.jpg?v=1748507145
,149.0,L/42,https://cdn.shopify.com/s/files/1/0752/9316/3737/files/PP_Pso51724958213343-463569483.jpg?v=1748507145
,149.0,L/42,https://cdn.shopify.com/s/files/1/0752/9316/3737/files/PP_Pso51724958213393-1832666894_1.jpg?v=1748507145
,149.0,L/42,https://cdn.shopify.com/s/files/1/0752/9316/3737/files/PP_Pso51724958213244--1660494088.jpg?v=1748507145
,149.0,XL/44,https://cdn.shopify.com/s/files/1/0752/9316/3737/files/PP_Pso51724958213343-463569483.jpg?v=1748507145
,149.0,XL/44,https://cdn.shopify.com/s/files/1/0752/9316/3737/files/PP_Pso51724958213393-1832666894_1.jpg?v=1748507145
,149.0,XL/44,https://cdn.shopify.com/s/files/1/0752/9316/3737/files/PP_Pso51724958213244--1660494088.jpg?v=1748507145
,149.0,XXL/46,https://cdn.shopify.com/s/files/1/0752/9316/3737/files/PP_Pso51724958213343-463569483.jpg?v=1748507145
,149.0,XXL/46,https://cdn.shopify.com/s/files/1/0752/9316/3737/files/PP_Pso51724958213393-1832666894_1.jpg?v=1748507145
,149.0,XXL/46,https://cdn.shopify.com/s/files/1/0752/9316/3737/files/PP_Pso51724958213244--1660494088.jpg?v=1748507145
Timeless Gaolin Branded Polo T-Shirt,149.0,M/40,https://cdn.shopify.com/s/files/1/0752/9316/3737/files/Poshpeno_1723709335884_jpg.png?v=1748507135
,149.0,M/40,https://cdn.shopify.com/s/files/1/0752/9316/3737/files/Poshpeno_1723709341550_jpg.png?v=1748507135
,149.0,M/40,https://cdn.shopify.com/s/files/1/0752/9316/3737/files/Poshpeno_1723709332716_jpg.png?v=1748507135
,149.0,M/40,https://cdn.shopify.com/s/files/1/0752/9316/3737/files/Poshpeno_1723709338855_jpg.png?v=1748507135
,149.0,M/40,https://cdn.shopify.com/s/files/1/0752/9316/3737/files/Poshpeno_1723709329511_jpg.png?v=1748507135
,149.0,L/42,https://cdn.shopify.com/s/files/1/0752/9316/3737/files/Poshpeno_1723709335884_jpg.png?v=1748507135
,149.0,L/42,https://cdn.shopify.com/s/files/1/0752/9316/3737/files/Poshpeno_1723709341550_jpg.png?v=1748507135
,149.0,L/42,https://cdn.shopify.com/s/files/1/0752/9316/3737/files/Poshpeno_1723709332716_jpg.png?v=1748507135
,149.0,L/42,https://cdn.shopify.com/s/files/1/0752/9316/3737/files/Poshpeno_1723709338855_jpg.png?v=1748507135
,149.0,L/42,https://cdn.shopify.com/s/files/1/0752/9316/3737/files/Poshpeno_1723709329511_jpg.png?v=1748507135
,149.0,XL/44,https://cdn.shopify.com/s/files/1/0752/9316/3737/files/Poshpeno_1723709335884_jpg.png?v=1748507135
,149.0,XL/44,https://cdn.shopify.com/s/files/1/0752/9316/3737/files/Poshpeno_1723709341550_jpg.png?v=1748507135
,149.0,XL/44,https://cdn.shopify.com/s/files/1/0752/9316/3737/files/Poshpeno_1723709332716_jpg.png?v=1748507135
,149.0,XL/44,https://cdn.shopify.com/s/files/1/0752/9316/3737/files/Poshpeno_1723709338855_jpg.png?v=1748507135
,149.0,XL/44,https://cdn.shopify.com/s/files/1/0752/9316/3737/files/Poshpeno_1723709329511_jpg.png?v=1748507135
,149.0,XXL/46,https://cdn.shopify.com/s/files/1/0752/9316/3737/files/Poshpeno_1723709335884_jpg.png?v=1748507135
,149.0,XXL/46,https://cdn.shopify.com/s/files/1/0752/9316/3737/files/Poshpeno_1723709341550_jpg.png?v=1748507135
,149.0,XXL/46,https://cdn.shopify.com/s/files/1/0752/9316/3737/files/Poshpeno_1723709332716_jpg.png?v=1748507135
,149.0,XXL/46,https://cdn.shopify.com/s/files/1/0752/9316/3737/files/Poshpeno_1723709338855_jpg.png?v=1748507135
,149.0,XXL/46,https://cdn.shopify.com/s/files/1/0752/9316/3737/files/Poshpeno_1723709329511_jpg.png?v=1748507135
CrestMark Polo T-Shirt,149.0,M/40,https://cdn.shopify.com/s/files/1/0752/9316/3737/files/MIPOSHPENO_HR_12.png?v=1748507124
,149.0,M/40,https://cdn.shopify.com/s/files/1/0752/9316/3737/files/MIPOSHPENO_HR_10.png?v=1748507124
,149.0,M/40,https://cdn.shopify.com/s/files/1/0752/9316/3737/files/MIPOSHPENO_HR_11.png?v=1748507124
,149.0,L/42,https://cdn.shopify.com/s/files/1/0752/9316/3737/files/MIPOSHPENO_HR_12.png?v=1748507124
,149.0,L/42,https://cdn.shopify.com/s/files/1/0752/9316/3737/files/MIPOSHPENO_HR_10.png?v=1748507124
,149.0,L/42,https://cdn.shopify.com/s/files/1/0752/9316/3737/files/MIPOSHPENO_HR_11.png?v=1748507124
,149.0,XL/44,https://cdn.shopify.com/s/files/1/0752/9316/3737/files/MIPOSHPENO_HR_12.png?v=1748507124
,149.0,XL/44,https://cdn.shopify.com/s/files/1/0752/9316/3737/files/MIPOSHPENO_HR_10.png?v=1748507124
,149.0,XL/44,https://cdn.shopify.com/s/files/1/0752/9316/3737/files/MIPOSHPENO_HR_11.png?v=1748507124
,149.0,XXL/46,https://cdn.shopify.com/s/files/1/0752/9316/3737/files/MIPOSHPENO_HR_12.png?v=1748507124
,149.0,XXL/46,https://cdn.shopify.com/s/files/1/0752/9316/3737/files/MIPOSHPENO_HR_10.png?v=1748507124
,149.0,XXL/46,https://cdn.shopify.com/s/files/1/0752/9316/3737/files/MIPOSHPENO_HR_11.png?v=1748507124
Eternal Plaid Branded Polo T-Shirts,149.0,S/38,https://cdn.shopify.com/s/files/1/0752/9316/3737/files/Pp_pso3_1724958279708--1160824029.jpg?v=1748507110
,149.0,S/38,https://cdn.shopify.com/s/files/1/0752/9316/3737/files/Pp_pso3_1724958279747--1911059432.jpg?v=1748507110
,149.0,S/38,https://cdn.shopify.com/s/files/1/0752/9316/3737/files/Pp_pso3_1724958279796--1798196330.jpg?v=1748507110
,149.0,M/40,https://cdn.shopify.com/s/files/1/0752/9316/3737/files/Pp_pso3_1724958279708--1160824029.jpg?v=1748507110
,149.0,M/40,https://cdn.shopify.com/s/files/1/0752/9316/3737/files/Pp_pso3_1724958279747--1911059432.jpg?v=1748507110
,149.0,M/40,https://cdn.shopify.com/s/files/1/0752/9316/3737/files/Pp_pso3_1724958279796--1798196330.jpg?v=1748507110
,149.0,L/42,https://cdn.shopify.com/s/files/1/0752/9316/3737/files/Pp_pso3_1724958279708--1160824029.jpg?v=1748507110
,149.0,L/42,https://cdn.shopify.com/s/files/1/0752/9316/3737/files/Pp_pso3_1724958279747--1911059432.jpg?v=1748507110
,149.0,L/42,https://cdn.shopify.com/s/files/1/0752/9316/3737/files/Pp_pso3_1724958279796--1798196330.jpg?v=1748507110
,149.0,XL/44,https://cdn.shopify.com/s/files/1/0752/9316/3737/files/Pp_pso3_1724958279708--1160824029.jpg?v=1748507110
,149.0,XL/44,https://cdn.shopify.com/s/files/1/0752/9316/3737/files/Pp_pso3_1724958279747--1911059432.jpg?v=1748507110
,149.0,XL/44,https://cdn.shopify.com/s/files/1/0752/9316/3737/files/Pp_pso3_1724958279796--1798196330.jpg?v=1748507110
,149.0,XXL/46,https://cdn.shopify.com/s/files/1/0752/9316/3737/files/Pp_pso3_1724958279708--1160824029.jpg?v=1748507110
,149.0,XXL/46,https://cdn.shopify.com/s/files/1/0752/9316/3737/files/Pp_pso3_1724958279747--1911059432.jpg?v=1748507110
,149.0,XXL/46,https://cdn.shopify.com/s/files/1/0752/9316/3737/files/Pp_pso3_1724958279796--1798196330.jpg?v=1748507110
Vintage Plaid Branded Polo T-Shirts,149.0,S/38,https://cdn.shopify.com/s/files/1/0752/9316/3737/files/Poshpenopps21722495335058.jpg?v=1748507102
,149.0,S/38,https://cdn.shopify.com/s/files/1/0752/9316/3737/files/Poshpenopps21722495347889.jpg?v=1748507102
,149.0,S/38,https://cdn.shopify.com/s/files/1/0752/9316/3737/files/Poshpenopps21722495348834.jpg?v=1748507102
,149.0,M/40,https://cdn.shopify.com/s/files/1/0752/9316/3737/files/Poshpenopps21722495335058.jpg?v=1748507102
,149.0,M/40,https://cdn.shopify.com/s/files/1/0752/9316/3737/files/Poshpenopps21722495347889.jpg?v=1748507102
,149.0,M/40,https://cdn.shopify.com/s/files/1/0752/9316/3737/files/Poshpenopps21722495348834.jpg?v=1748507102
,149.0,L/42,https://cdn.shopify.com/s/files/1/0752/9316/3737/files/Poshpenopps21722495335058.jpg?v=1748507102
,149.0,L/42,https://cdn.shopify.com/s/files/1/0752/9316/3737/files/Poshpenopps21722495347889.jpg?v=1748507102
,149.0,L/42,https://cdn.shopify.com/s/files/1/0752/9316/3737/files/Poshpenopps21722495348834.jpg?v=1748507102
,149.0,XL/44,https://cdn.shopify.com/s/files/1/0752/9316/3737/files/Poshpenopps21722495335058.jpg?v=1748507102
,149.0,XL/44,https://cdn.shopify.com/s/files/1/0752/9316/3737/files/Poshpenopps21722495347889.jpg?v=1748507102
,149.0,XL/44,https://cdn.shopify.com/s/files/1/0752/9316/3737/files/Poshpenopps21722495348834.jpg?v=1748507102
,149.0,XXL/46,https://cdn.shopify.com/s/files/1/0752/9316/3737/files/Poshpenopps21722495335058.jpg?v=1748507102
,149.0,XXL/46,https://cdn.shopify.com/s/files/1/0752/9316/3737/files/Poshpenopps21722495347889.jpg?v=1748507102
,149.0,XXL/46,https://cdn.shopify.com/s/files/1/0752/9316/3737/files/Poshpenopps21722495348834.jpg?v=1748507102
Monochrome Branded Plaid Polo Shirt,149.0,S/38,https://cdn.shopify.com/s/files/1/0752/9316/3737/files/main-image-1.jpg?v=1748507094
,149.0,M/40,https://cdn.shopify.com/s/files/1/0752/9316/3737/files/main-image-4.jpg?v=1748507094
,149.0,L/42,https://cdn.shopify.com/s/files/1/0752/9316/3737/files/posn8.png?v=1748507094
,149.0,XL/44,https://cdn.shopify.com/s/files/1/0752/9316/3737/files/posn6.png?v=1748507094
,149.0,XXL/46,https://cdn.shopify.com/s/files/1/0752/9316/3737/files/posn7.png?v=1748507094
Chroma Crisp Polo T-Shirt,149.0,S/38,https://cdn.shopify.com/s/files/1/0752/9316/3737/files/Untitled-4.png?v=1748507088
,149.0,S/38,https://cdn.shopify.com/s/files/1/0752/9316/3737/files/Poshpeno1722929903714-142355969.jpg?v=1748507088
,149.0,S/38,https://cdn.shopify.com/s/files/1/0752/9316/3737/files/Untitled-6.png?v=1748507088
,149.0,S/38,https://cdn.shopify.com/s/files/1/0752/9316/3737/files/Untitled-5.png?v=1748507088
,149.0,M/40,https://cdn.shopify.com/s/files/1/0752/9316/3737/files/Untitled-4.png?v=1748507088
,149.0,M/40,https://cdn.shopify.com/s/files/1/0752/9316/3737/files/Poshpeno1722929903714-142355969.jpg?v=1748507088
,149.0,M/40,https://cdn.shopify.com/s/files/1/0752/9316/3737/files/Untitled-6.png?v=1748507088
,149.0,M/40,https://cdn.shopify.com/s/files/1/0752/9316/3737/files/Untitled-5.png?v=1748507088
,149.0,L/42,https://cdn.shopify.com/s/files/1/0752/9316/3737/files/Untitled-4.png?v=1748507088
,149.0,L/42,https://cdn.shopify.com/s/files/1/0752/9316/3737/files/Poshpeno1722929903714-142355969.jpg?v=1748507088
,149.0,L/42,https://cdn.shopify.com/s/files/1/0752/9316/3737/files/Untitled-6.png?v=1748507088
,149.0,L/42,https://cdn.shopify.com/s/files/1/0752/9316/3737/files/Untitled-5.png?v=1748507088
,149.0,XL/44,https://cdn.shopify.com/s/files/1/0752/9316/3737/files/Untitled-4.png?v=1748507088
,149.0,XL/44,https://cdn.shopify.com/s/files/1/0752/9316/3737/files/Poshpeno1722929903714-142355969.jpg?v=1748507088
,149.0,XL/44,https://cdn.shopify.com/s/files/1/0752/9316/3737/files/Untitled-6.png?v=1748507088
,149.0,XL/44,https://cdn.shopify.com/s/files/1/0752/9316/3737/files/Untitled-5.png?v=1748507088
,149.0,XXL/46,https://cdn.shopify.com/s/files/1/0752/9316/3737/files/Untitled-4.png?v=1748507088
,149.0,XXL/46,https://cdn.shopify.com/s/files/1/0752/9316/3737/files/Poshpeno1722929903714-142355969.jpg?v=1748507088
,149.0,XXL/46,https://cdn.shopify.com/s/files/1/0752/9316/3737/files/Untitled-6.png?v=1748507088
,149.0,XXL/46,https://cdn.shopify.com/s/files/1/0752/9316/3737/files/Untitled-5.png?v=1748507088
Gingham Plaid Branded Polo Shirt,149.0,S/38,https://cdn.shopify.com/s/files/1/0752/9316/3737/files/main-image-2.jpg?v=1748507079
,149.0,M/40,https://cdn.shopify.com/s/files/1/0752/9316/3737/files/main-image-5.jpg?v=1748507079
,149.0,L/42,https://cdn.shopify.com/s/files/1/0752/9316/3737/files/posn17.webp?v=1748507079
,149.0,XL/44,https://cdn.shopify.com/s/files/1/0752/9316/3737/files/posn141.png?v=1748507079
,149.0,XXL/46,https://cdn.shopify.com/s/files/1/0752/9316/3737/files/posn15.webp?v=1748507079
Vintage Gridlock Branded Plaid Polo T-Shirt,149.0,M/40,https://cdn.shopify.com/s/files/1/0752/9316/3737/files/8cc8c3b2-5d20-468c-9e2c-f91591fe13e8.jpg?v=1748507073
,149.0,L/42,https://cdn.shopify.com/s/files/1/0752/9316/3737/files/8cc8c3b2-5d20-468c-9e2c-f91591fe13e8.jpg?v=1748507073
,149.0,XL/44,https://cdn.shopify.com/s/files/1/0752/9316/3737/files/8cc8c3b2-5d20-468c-9e2c-f91591fe13e8.jpg?v=1748507073
,149.0,XXL/46,https://cdn.shopify.com/s/files/1/0752/9316/3737/files/8cc8c3b2-5d20-468c-9e2c-f91591fe13e8.jpg?v=1748507073
,149.0,M/40,https://cdn.shopify.com/s/files/1/0752/9316/3737/files/0a15588e-4317-48e5-8c07-9efd74a16ae3.jpg?v=1748507073
,149.0,M/40,https://cdn.shopify.com/s/files/1/0752/9316/3737/files/36d3b96c-e373-4221-9577-b45cbcab1a52.jpg?v=1748507073
,149.0,M/40,https://cdn.shopify.com/s/files/1/0752/9316/3737/files/f658066d-0753-4fae-9412-05d35418447d.jpg?v=1748507073
,149.0,L/42,https://cdn.shopify.com/s/files/1/0752/9316/3737/files/0a15588e-4317-48e5-8c07-9efd74a16ae3.jpg?v=1748507073
,149.0,L/42,https://cdn.shopify.com/s/files/1/0752/9316/3737/files/36d3b96c-e373-4221-9577-b45cbcab1a52.jpg?v=1748507073
,149.0,L/42,https://cdn.shopify.com/s/files/1/0752/9316/3737/files/f658066d-0753-4fae-9412-05d35418447d.jpg?v=1748507073
,149.0,XL/44,https://cdn.shopify.com/s/files/1/0752/9316/3737/files/0a15588e-4317-48e5-8c07-9efd74a16ae3.jpg?v=1748507073
,149.0,XL/44,https://cdn.shopify.com/s/files/1/0752/9316/3737/files/36d3b96c-e373-4221-9577-b45cbcab1a52.jpg?v=1748507073
,149.0,XL/44,https://cdn.shopify.com/s/files/1/0752/9316/3737/files/f658066d-0753-4fae-9412-05d35418447d.jpg?v=1748507073
,149.0,XXL/46,https://cdn.shopify.com/s/files/1/0752/9316/3737/files/0a15588e-4317-48e5-8c07-9efd74a16ae3.jpg?v=1748507073
,149.0,XXL/46,https://cdn.shopify.com/s/files/1/0752/9316/3737/files/36d3b96c-e373-4221-9577-b45cbcab1a52.jpg?v=1748507073
,149.0,XXL/46,https://cdn.shopify.com/s/files/1/0752/9316/3737/files/f658066d-0753-4fae-9412-05d35418447d.jpg?v=1748507073
Premium Silk Textured T-Shirt For Men,149.0,S,https://cdn.shopify.com/s/files/1/0752/9316/3737/files/photo_2024-01-17_19-13-54.jpg?v=1748507066
,149.0,S,https://cdn.shopify.com/s/files/1/0752/9316/3737/files/photo_2024-01-17_19-37-35_2.jpg?v=1748507066
,149.0,S,https://cdn.shopify.com/s/files/1/0752/9316/3737/files/photo_2024-01-17_19-13-59_5.jpg?v=1748507066
,149.0,S,https://cdn.shopify.com/s/files/1/0752/9316/3737/files/photo_2024-01-17_19-13-59_4.jpg?v=1748507066
,149.0,M,https://cdn.shopify.com/s/files/1/0752/9316/3737/files/photo_2024-01-17_19-13-54.jpg?v=1748507066
,149.0,M,https://cdn.shopify.com/s/files/1/0752/9316/3737/files/photo_2024-01-17_19-37-35_2.jpg?v=1748507066
,149.0,M,https://cdn.shopify.com/s/files/1/0752/9316/3737/files/photo_2024-01-17_19-13-59_5.jpg?v=1748507066
,149.0,M,https://cdn.shopify.com/s/files/1/0752/9316/3737/files/photo_2024-01-17_19-13-59_4.jpg?v=1748507066
,149.0,L,https://cdn.shopify.com/s/files/1/0752/9316/3737/files/photo_2024-01-17_19-13-54.jpg?v=1748507066
,149.0,L,https://cdn.shopify.com/s/files/1/0752/9316/3737/files/photo_2024-01-17_19-37-35_2.jpg?v=1748507066
,149.0,L,https://cdn.shopify.com/s/files/1/0752/9316/3737/files/photo_2024-01-17_19-13-59_5.jpg?v=1748507066
,149.0,L,https://cdn.shopify.com/s/files/1/0752/9316/3737/files/photo_2024-01-17_19-13-59_4.jpg?v=1748507066
,149.0,XL,https://cdn.shopify.com/s/files/1/0752/9316/3737/files/photo_2024-01-17_19-13-54.jpg?v=1748507066
,149.0,XL,https://cdn.shopify.com/s/files/1/0752/9316/3737/files/photo_2024-01-17_19-37-35_2.jpg?v=1748507066
,149.0,XL,https://cdn.shopify.com/s/files/1/0752/9316/3737/files/photo_2024-01-17_19-13-59_5.jpg?v=1748507066
,149.0,XL,https://cdn.shopify.com/s/files/1/0752/9316/3737/files/photo_2024-01-17_19-13-59_4.jpg?v=1748507066
,149.0,XXL,https://cdn.shopify.com/s/files/1/0752/9316/3737/files/photo_2024-01-17_19-13-54.jpg?v=1748507066
,149.0,XXL,https://cdn.shopify.com/s/files/1/0752/9316/3737/files/photo_2024-01-17_19-37-35_2.jpg?v=1748507066
,149.0,XXL,https://cdn.shopify.com/s/files/1/0752/9316/3737/files/photo_2024-01-17_19-13-59_5.jpg?v=1748507066
,149.0,XXL,https://cdn.shopify.com/s/files/1/0752/9316/3737/files/photo_2024-01-17_19-13-59_4.jpg?v=1748507066
,149.0,3XL,https://cdn.shopify.com/s/files/1/0752/9316/3737/files/photo_2024-01-17_19-13-54.jpg?v=1748507066
,149.0,3XL,https://cdn.shopify.com/s/files/1/0752/9316/3737/files/photo_2024-01-17_19-37-35_2.jpg?v=1748507066
,149.0,3XL,https://cdn.shopify.com/s/files/1/0752/9316/3737/files/photo_2024-01-17_19-13-59_5.jpg?v=1748507066
,149.0,3XL,https://cdn.shopify.com/s/files/1/0752/9316/3737/files/photo_2024-01-17_19-13-59_4.jpg?v=1748507066
Opulent Crisscross Knitwear (pack of 4),149.0,S,https://cdn.shopify.com/s/files/1/0752/9316/3737/files/photo_2025-01-10_14-10-23_5.jpg?v=1748507056
,149.0,S,https://cdn.shopify.com/s/files/1/0752/9316/3737/files/photo_2025-01-10_14-10-23.jpg?v=1748507056
,149.0,S,https://cdn.shopify.com/s/files/1/0752/9316/3737/files/photo_2025-01-10_14-10-23_7.jpg?v=1748507056
,149.0,S,https://cdn.shopify.com/s/files/1/0752/9316/3737/files/photo_2025-01-10_14-10-23_3.jpg?v=1748507056
,149.0,M,https://cdn.shopify.com/s/files/1/0752/9316/3737/files/photo_2025-01-10_14-10-23_5.jpg?v=1748507056
,149.0,M,https://cdn.shopify.com/s/files/1/0752/9316/3737/files/photo_2025-01-10_14-10-23.jpg?v=1748507056
,149.0,M,https://cdn.shopify.com/s/files/1/0752/9316/3737/files/photo_2025-01-10_14-10-23_7.jpg?v=1748507056
,149.0,M,https://cdn.shopify.com/s/files/1/0752/9316/3737/files/photo_2025-01-10_14-10-23_3.jpg?v=1748507056
,149.0,L,https://cdn.shopify.com/s/files/1/0752/9316/3737/files/photo_2025-01-10_14-10-23_5.jpg?v=1748507056
,149.0,L,https://cdn.shopify.com/s/files/1/0752/9316/3737/files/photo_2025-01-10_14-10-23.jpg?v=1748507056
,149.0,L,https://cdn.shopify.com/s/files/1/0752/9316/3737/files/photo_2025-01-10_14-10-23_7.jpg?v=1748507056
,149.0,L,https://cdn.shopify.com/s/files/1/0752/9316/3737/files/photo_2025-01-10_14-10-23_3.jpg?v=1748507056
,149.0,XL,https://cdn.shopify.com/s/files/1/0752/9316/3737/files/photo_2025-01-10_14-10-23_5.jpg?v=1748507056
,149.0,XL,https://cdn.shopify.com/s/files/1/0752/9316/3737/files/photo_2025-01-10_14-10-23.jpg?v=1748507056
,149.0,XL,https://cdn.shopify.com/s/files/1/0752/9316/3737/files/photo_2025-01-10_14-10-23_7.jpg?v=1748507056
,149.0,XL,https://cdn.shopify.com/s/files/1/0752/9316/3737/files/photo_2025-01-10_14-10-23_3.jpg?v=1748507056
,149.0,XXL,https://cdn.shopify.com/s/files/1/0752/9316/3737/files/photo_2025-01-10_14-10-23_5.jpg?v=1748507056
,149.0,XXL,https://cdn.shopify.com/s/files/1/0752/9316/3737/files/photo_2025-01-10_14-10-23.jpg?v=1748507056
,149.0,XXL,https://cdn.shopify.com/s/files/1/0752/9316/3737/files/photo_2025-01-10_14-10-23_7.jpg?v=1748507056
,149.0,XXL,https://cdn.shopify.com/s/files/1/0752/9316/3737/files/photo_2025-01-10_14-10-23_3.jpg?v=1748507056
,149.0,3XL,https://cdn.shopify.com/s/files/1/0752/9316/3737/files/photo_2025-01-10_14-10-23_5.jpg?v=1748507056
,149.0,3XL,https://cdn.shopify.com/s/files/1/0752/9316/3737/files/photo_2025-01-10_14-10-23.jpg?v=1748507056
,149.0,3XL,https://cdn.shopify.com/s/files/1/0752/9316/3737/files/photo_2025-01-10_14-10-23_7.jpg?v=1748507056
,149.0,3XL,https://cdn.shopify.com/s/files/1/0752/9316/3737/files/photo_2025-01-10_14-10-23_3.jpg?v=1748507056
Imperial Heritage Polo T-Shirt,149.0,S,https://cdn.shopify.com/s/files/1/0752/9316/3737/files/photo_2024-07-23_13-55-09.jpg?v=1748507044
,149.0,S,https://cdn.shopify.com/s/files/1/0752/9316/3737/files/photo_2024-07-23_13-54-57.jpg?v=1748507044
,149.0,M,https://cdn.shopify.com/s/files/1/0752/9316/3737/files/photo_2024-07-23_13-55-09.jpg?v=1748507044
,149.0,M,https://cdn.shopify.com/s/files/1/0752/9316/3737/files/photo_2024-07-23_13-54-57.jpg?v=1748507044
,149.0,L,https://cdn.shopify.com/s/files/1/0752/9316/3737/files/photo_2024-07-23_13-55-09.jpg?v=1748507044
,149.0,L,https://cdn.shopify.com/s/files/1/0752/9316/3737/files/photo_2024-07-23_13-54-57.jpg?v=1748507044
,149.0,XL,https://cdn.shopify.com/s/files/1/0752/9316/3737/files/photo_2024-07-23_13-55-09.jpg?v=1748507044
,149.0,XL,https://cdn.shopify.com/s/files/1/0752/9316/3737/files/photo_2024-07-23_13-54-57.jpg?v=1748507044
,149.0,XXL,https://cdn.shopify.com/s/files/1/0752/9316/3737/files/photo_2024-07-23_13-55-09.jpg?v=1748507044
,149.0,XXL,https://cdn.shopify.com/s/files/1/0752/9316/3737/files/photo_2024-07-23_13-54-57.jpg?v=1748507044
,149.0,3XL,https://cdn.shopify.com/s/files/1/0752/9316/3737/files/photo_2024-07-23_13-55-09.jpg?v=1748507044
,149.0,3XL,https://cdn.shopify.com/s/files/1/0752/9316/3737/files/photo_2024-07-23_13-54-57.jpg?v=1748507044
Royal Heritage Polo T-Shirt,149.0,S,https://cdn.shopify.com/s/files/1/0752/9316/3737/files/photo_2024-07-30_19-46-04.jpg?v=1748507039
,149.0,S,https://cdn.shopify.com/s/files/1/0752/9316/3737/files/photo_2024-07-30_19-46-11.jpg?v=1748507039
,149.0,S,https://cdn.shopify.com/s/files/1/0752/9316/3737/files/photo_2024-07-30_19-46-07.jpg?v=1748507039
,149.0,M,https://cdn.shopify.com/s/files/1/0752/9316/3737/files/photo_2024-07-30_19-46-04.jpg?v=1748507039
,149.0,M,https://cdn.shopify.com/s/files/1/0752/9316/3737/files/photo_2024-07-30_19-46-11.jpg?v=1748507039
,149.0,M,https://cdn.shopify.com/s/files/1/0752/9316/3737/files/photo_2024-07-30_19-46-07.jpg?v=1748507039
,149.0,L,https://cdn.shopify.com/s/files/1/0752/9316/3737/files/photo_2024-07-30_19-46-04.jpg?v=1748507039
,149.0,L,https://cdn.shopify.com/s/files/1/0752/9316/3737/files/photo_2024-07-30_19-46-11.jpg?v=1748507039
,149.0,L,https://cdn.shopify.com/s/files/1/0752/9316/3737/files/photo_2024-07-30_19-46-07.jpg?v=1748507039
,149.0,XL,https://cdn.shopify.com/s/files/1/0752/9316/3737/files/photo_2024-07-30_19-46-04.jpg?v=1748507039
,149.0,XL,https://cdn.shopify.com/s/files/1/0752/9316/3737/files/photo_2024-07-30_19-46-11.jpg?v=1748507039
,149.0,XL,https://cdn.shopify.com/s/files/1/0752/9316/3737/files/photo_2024-07-30_19-46-07.jpg?v=1748507039
,149.0,XXL,https://cdn.shopify.com/s/files/1/0752/9316/3737/files/photo_2024-07-30_19-46-04.jpg?v=1748507039
,149.0,XXL,https://cdn.shopify.com/s/files/1/0752/9316/3737/files/photo_2024-07-30_19-46-11.jpg?v=1748507039
,149.0,XXL,https://cdn.shopify.com/s/files/1/0752/9316/3737/files/photo_2024-07-30_19-46-07.jpg?v=1748507039
,149.0,3XL,https://cdn.shopify.com/s/files/1/0752/9316/3737/files/photo_2024-07-30_19-46-04.jpg?v=1748507039
,149.0,3XL,https://cdn.shopify.com/s/files/1/0752/9316/3737/files/photo_2024-07-30_19-46-11.jpg?v=1748507039
,149.0,3XL,https://cdn.shopify.com/s/files/1/0752/9316/3737/files/photo_2024-07-30_19-46-07.jpg?v=1748507039
SwaggerFit Cotton Short Sleeve Tshirt,149.0,Skyblue,https://cdn.shopify.com/s/files/1/0752/9316/3737/files/photo_2025-03-01_23-39-09.jpg?v=1748507031
,149.0,Skyblue,https://cdn.shopify.com/s/files/1/0752/9316/3737/files/photo_2025-03-01_23-39-09.jpg?v=1748507031
,149.0,Skyblue,https://cdn.shopify.com/s/files/1/0752/9316/3737/files/photo_2025-03-01_23-39-09.jpg?v=1748507031
,149.0,Skyblue,https://cdn.shopify.com/s/files/1/0752/9316/3737/files/photo_2025-03-01_23-39-09.jpg?v=1748507031
,149.0,Skyblue,https://cdn.shopify.com/s/files/1/0752/9316/3737/files/photo_2025-03-01_23-39-09.jpg?v=1748507031
,149.0,Skyblue,https://cdn.shopify.com/s/files/1/0752/9316/3737/files/photo_2025-03-01_23-39-09.jpg?v=1748507031
,149.0,LightGray,https://cdn.shopify.com/s/files/1/0752/9316/3737/files/photo_2025-03-01_23-39-10.jpg?v=1748507031
,149.0,LightGray,https://cdn.shopify.com/s/files/1/0752/9316/3737/files/photo_2025-03-01_23-39-10.jpg?v=1748507031
,149.0,LightGray,https://cdn.shopify.com/s/files/1/0752/9316/3737/files/photo_2025-03-01_23-39-10.jpg?v=1748507031
,149.0,LightGray,https://cdn.shopify.com/s/files/1/0752/9316/3737/files/photo_2025-03-01_23-39-10.jpg?v=1748507031
,149.0,LightGray,https://cdn.shopify.com/s/files/1/0752/9316/3737/files/photo_2025-03-01_23-39-10.jpg?v=1748507031
,149.0,LightGray,https://cdn.shopify.com/s/files/1/0752/9316/3737/files/photo_2025-03-01_23-39-10.jpg?v=1748507031
,149.0,Black,https://cdn.shopify.com/s/files/1/0752/9316/3737/files/photo_2025-03-01_23-39-14.jpg?v=1748507031
,149.0,Black,https://cdn.shopify.com/s/files/1/0752/9316/3737/files/photo_2025-03-01_23-39-14.jpg?v=1748507031
,149.0,Black,https://cdn.shopify.com/s/files/1/0752/9316/3737/files/photo_2025-03-01_23-39-14.jpg?v=1748507031
,149.0,Black,https://cdn.shopify.com/s/files/1/0752/9316/3737/files/photo_2025-03-01_23-39-14.jpg?v=1748507031
,149.0,Black,https://cdn.shopify.com/s/files/1/0752/9316/3737/files/photo_2025-03-01_23-39-14.jpg?v=1748507031
,149.0,Black,https://cdn.shopify.com/s/files/1/0752/9316/3737/files/photo_2025-03-01_23-39-14.jpg?v=1748507031
,149.0,DarkGray,https://cdn.shopify.com/s/files/1/0752/9316/3737/files/photo_2025-03-01_23-39-12.jpg?v=1748507031
,149.0,DarkGray,https://cdn.shopify.com/s/files/1/0752/9316/3737/files/photo_2025-03-01_23-39-12.jpg?v=1748507031
,149.0,DarkGray,https://cdn.shopify.com/s/files/1/0752/9316/3737/files/photo_2025-03-01_23-39-12.jpg?v=1748507031
,149.0,DarkGray,https://cdn.shopify.com/s/files/1/0752/9316/3737/files/photo_2025-03-01_23-39-12.jpg?v=1748507031
,149.0,DarkGray,https://cdn.shopify.com/s/files/1/0752/9316/3737/files/photo_2025-03-01_23-39-12.jpg?v=1748507031
,149.0,DarkGray,https://cdn.shopify.com/s/files/1/0752/9316/3737/files/photo_2025-03-01_23-39-12.jpg?v=1748507031
,149.0,Navy,https://cdn.shopify.com/s/files/1/0752/9316/3737/files/photo_2025-03-01_23-39-15.jpg?v=1748507031
,149.0,Navy,https://cdn.shopify.com/s/files/1/0752/9316/3737/files/photo_2025-03-01_23-39-15.jpg?v=1748507031
,149.0,Navy,https://cdn.shopify.com/s/files/1/0752/9316/3737/files/photo_2025-03-01_23-39-15.jpg?v=1748507031
,149.0,Navy,https://cdn.shopify.com/s/files/1/0752/9316/3737/files/photo_2025-03-01_23-39-15.jpg?v=1748507031
,149.0,Navy,https://cdn.shopify.com/s/files/1/0752/9316/3737/files/photo_2025-03-01_23-39-15.jpg?v=1748507031
,149.0,Navy,https://cdn.shopify.com/s/files/1/0752/9316/3737/files/photo_2025-03-01_23-39-15.jpg?v=1748507031
,149.0,Green,https://cdn.shopify.com/s/files/1/0752/9316/3737/files/photo_2025-03-01_23-39-08.jpg?v=1748507031
,149.0,Green,https://cdn.shopify.com/s/files/1/0752/9316/3737/files/photo_2025-03-01_23-39-08.jpg?v=1748507031
,149.0,Green,https://cdn.shopify.com/s/files/1/0752/9316/3737/files/photo_2025-03-01_23-39-08.jpg?v=1748507031
,149.0,Green,https://cdn.shopify.com/s/files/1/0752/9316/3737/files/photo_2025-03-01_23-39-08.jpg?v=1748507031
,149.0,Green,https://cdn.shopify.com/s/files/1/0752/9316/3737/files/photo_2025-03-01_23-39-08.jpg?v=1748507031
,149.0,Green,https://cdn.shopify.com/s/files/1/0752/9316/3737/files/photo_2025-03-01_23-39-08.jpg?v=1748507031
Modern Mark Branded Polo T-Shirt,149.0,S,https://cdn.shopify.com/s/files/1/0752/9316/3737/files/IMG_3184.jpg?v=1748507019
,149.0,S,https://cdn.shopify.com/s/files/1/0752/9316/3737/files/IMG_3180.jpg?v=1748507019
,149.0,S,https://cdn.shopify.com/s/files/1/0752/9316/3737/files/IMG_3182.jpg?v=1748507019
,149.0,M,https://cdn.shopify.com/s/files/1/0752/9316/3737/files/IMG_3184.jpg?v=1748507019
,149.0,M,https://cdn.shopify.com/s/files/1/0752/9316/3737/files/IMG_3180.jpg?v=1748507019
,149.0,M,https://cdn.shopify.com/s/files/1/0752/9316/3737/files/IMG_3182.jpg?v=1748507019
,149.0,L,https://cdn.shopify.com/s/files/1/0752/9316/3737/files/IMG_3184.jpg?v=1748507019
,149.0,L,https://cdn.shopify.com/s/files/1/0752/9316/3737/files/IMG_3180.jpg?v=1748507019
,149.0,L,https://cdn.shopify.com/s/files/1/0752/9316/3737/files/IMG_3182.jpg?v=1748507019
,149.0,XL,https://cdn.shopify.com/s/files/1/0752/9316/3737/files/IMG_3184.jpg?v=1748507019
,149.0,XL,https://cdn.shopify.com/s/files/1/0752/9316/3737/files/IMG_3180.jpg?v=1748507019
,149.0,XL,https://cdn.shopify.com/s/files/1/0752/9316/3737/files/IMG_3182.jpg?v=1748507019
,149.0,XXL,https://cdn.shopify.com/s/files/1/0752/9316/3737/files/IMG_3184.jpg?v=1748507019
,149.0,XXL,https://cdn.shopify.com/s/files/1/0752/9316/3737/files/IMG_3180.jpg?v=1748507019
,149.0,XXL,https://cdn.shopify.com/s/files/1/0752/9316/3737/files/IMG_3182.jpg?v=1748507019
,149.0,3XL,https://cdn.shopify.com/s/files/1/0752/9316/3737/files/IMG_3184.jpg?v=1748507019
,149.0,3XL,https://cdn.shopify.com/s/files/1/0752/9316/3737/files/IMG_3180.jpg?v=1748507019
,149.0,3XL,https://cdn.shopify.com/s/files/1/0752/9316/3737/files/IMG_3182.jpg?v=1748507019
Style Icon GlideWear Long Sleeve,149.0,LightGray,https://cdn.shopify.com/s/files/1/0752/9316/3737/files/photo_2025-03-01_23-22-55.jpg?v=1748507005
,149.0,LightGray,https://cdn.shopify.com/s/files/1/0752/9316/3737/files/photo_2025-03-01_23-22-55.jpg?v=1748507005
,149.0,LightGray,https://cdn.shopify.com/s/files/1/0752/9316/3737/files/photo_2025-03-01_23-22-55.jpg?v=1748507005
,149.0,LightGray,https://cdn.shopify.com/s/files/1/0752/9316/3737/files/photo_2025-03-01_23-22-55.jpg?v=1748507005
,149.0,LightGray,https://cdn.shopify.com/s/files/1/0752/9316/3737/files/photo_2025-03-01_23-22-55.jpg?v=1748507005
,149.0,LightGray,https://cdn.shopify.com/s/files/1/0752/9316/3737/files/photo_2025-03-01_23-22-55.jpg?v=1748507005
,149.0,Black,https://cdn.shopify.com/s/files/1/0752/9316/3737/files/photo_2025-03-01_23-22-56.jpg?v=1748507005
,149.0,Black,https://cdn.shopify.com/s/files/1/0752/9316/3737/files/photo_2025-03-01_23-22-56.jpg?v=1748507005
,149.0,Black,https://cdn.shopify.com/s/files/1/0752/9316/3737/files/photo_2025-03-01_23-22-56.jpg?v=1748507005
,149.0,Black,https://cdn.shopify.com/s/files/1/0752/9316/3737/files/photo_2025-03-01_23-22-56.jpg?v=1748507005
,149.0,Black,https://cdn.shopify.com/s/files/1/0752/9316/3737/files/photo_2025-03-01_23-22-56.jpg?v=1748507005
,149.0,Black,https://cdn.shopify.com/s/files/1/0752/9316/3737/files/photo_2025-03-01_23-22-56.jpg?v=1748507005
Elegant B Silk Texture T-Shirt for Men,149.0,S,https://cdn.shopify.com/s/files/1/0752/9316/3737/files/photo_2025-02-22_17-52-59.jpg?v=1748506999
,149.0,S,https://cdn.shopify.com/s/files/1/0752/9316/3737/files/photo_2025-02-22_17-53-17.jpg?v=1748506999
,149.0,S,https://cdn.shopify.com/s/files/1/0752/9316/3737/files/photo_2025-02-22_17-53-05.jpg?v=1748506999
,149.0,S,https://cdn.shopify.com/s/files/1/0752/9316/3737/files/photo_2025-02-22_17-53-11.jpg?v=1748506999
,149.0,M,https://cdn.shopify.com/s/files/1/0752/9316/3737/files/photo_2025-02-22_17-52-59.jpg?v=1748506999
,149.0,M,https://cdn.shopify.com/s/files/1/0752/9316/3737/files/photo_2025-02-22_17-53-17.jpg?v=1748506999
,149.0,M,https://cdn.shopify.com/s/files/1/0752/9316/3737/files/photo_2025-02-22_17-53-05.jpg?v=1748506999
,149.0,M,https://cdn.shopify.com/s/files/1/0752/9316/3737/files/photo_2025-02-22_17-53-11.jpg?v=1748506999
,149.0,L,https://cdn.shopify.com/s/files/1/0752/9316/3737/files/photo_2025-02-22_17-52-59.jpg?v=1748506999
,149.0,L,https://cdn.shopify.com/s/files/1/0752/9316/3737/files/photo_2025-02-22_17-53-17.jpg?v=1748506999
,149.0,L,https://cdn.shopify.com/s/files/1/0752/9316/3737/files/photo_2025-02-22_17-53-05.jpg?v=1748506999
,149.0,L,https://cdn.shopify.com/s/files/1/0752/9316/3737/files/photo_2025-02-22_17-53-11.jpg?v=1748506999
,149.0,XL,https://cdn.shopify.com/s/files/1/0752/9316/3737/files/photo_2025-02-22_17-52-59.jpg?v=1748506999
,149.0,XL,https://cdn.shopify.com/s/files/1/0752/9316/3737/files/photo_2025-02-22_17-53-17.jpg?v=1748506999
,149.0,XL,https://cdn.shopify.com/s/files/1/0752/9316/3737/files/photo_2025-02-22_17-53-05.jpg?v=1748506999
,149.0,XL,https://cdn.shopify.com/s/files/1/0752/9316/3737/files/photo_2025-02-22_17-53-11.jpg?v=1748506999
,149.0,XXL,https://cdn.shopify.com/s/files/1/0752/9316/3737/files/photo_2025-02-22_17-52-59.jpg?v=1748506999
,149.0,XXL,https://cdn.shopify.com/s/files/1/0752/9316/3737/files/photo_2025-02-22_17-53-17.jpg?v=1748506999
,149.0,XXL,https://cdn.shopify.com/s/files/1/0752/9316/3737/files/photo_2025-02-22_17-53-05.jpg?v=1748506999
,149.0,XXL,https://cdn.shopify.com/s/files/1/0752/9316/3737/files/photo_2025-02-22_17-53-11.jpg?v=1748506999
,149.0,3XL,https://cdn.shopify.com/s/files/1/0752/9316/3737/files/photo_2025-02-22_17-52-59.jpg?v=1748506999
,149.0,3XL,https://cdn.shopify.com/s/files/1/0752/9316/3737/files/photo_2025-02-22_17-53-17.jpg?v=1748506999
,149.0,3XL,https://cdn.shopify.com/s/files/1/0752/9316/3737/files/photo_2025-02-22_17-53-05.jpg?v=1748506999
,149.0,3XL,https://cdn.shopify.com/s/files/1/0752/9316/3737/files/photo_2025-02-22_17-53-11.jpg?v=1748506999
Emprio Paris Full Sleeve Tshirt,149.0,LightGray,https://cdn.shopify.com/s/files/1/0752/9316/3737/files/photo_2025-02-25_22-42-35.jpg?v=1748506990
,149.0,LightGray,https://cdn.shopify.com/s/files/1/0752/9316/3737/files/photo_2025-02-25_22-42-35.jpg?v=1748506990
,149.0,LightGray,https://cdn.shopify.com/s/files/1/0752/9316/3737/files/photo_2025-02-25_22-42-35.jpg?v=1748506990
,149.0,LightGray,https://cdn.shopify.com/s/files/1/0752/9316/3737/files/photo_2025-02-25_22-42-35.jpg?v=1748506990
,149.0,LightGray,https://cdn.shopify.com/s/files/1/0752/9316/3737/files/photo_2025-02-25_22-42-35.jpg?v=1748506990
,149.0,LightGray,https://cdn.shopify.com/s/files/1/0752/9316/3737/files/photo_2025-02-25_22-42-35.jpg?v=1748506990
,149.0,Black,https://cdn.shopify.com/s/files/1/0752/9316/3737/files/photo_2025-02-25_22-42-27.jpg?v=1748506990
,149.0,Black,https://cdn.shopify.com/s/files/1/0752/9316/3737/files/photo_2025-02-25_22-42-27.jpg?v=1748506990
,149.0,Black,https://cdn.shopify.com/s/files/1/0752/9316/3737/files/photo_2025-02-25_22-42-27.jpg?v=1748506990
,149.0,Black,https://cdn.shopify.com/s/files/1/0752/9316/3737/files/photo_2025-02-25_22-42-27.jpg?v=1748506990
,149.0,Black,https://cdn.shopify.com/s/files/1/0752/9316/3737/files/photo_2025-02-25_22-42-27.jpg?v=1748506990
,149.0,Black,https://cdn.shopify.com/s/files/1/0752/9316/3737/files/photo_2025-02-25_22-42-27.jpg?v=1748506990
Signature V Italy Short Sleeve T-shir For Men,149.0,S,https://cdn.shopify.com/s/files/1/0752/9316/3737/files/photo_2024-06-22_19-49-03.jpg?v=1748506978
,149.0,S,https://cdn.shopify.com/s/files/1/0752/9316/3737/files/photo_2024-06-22_19-49-03_2.jpg?v=1748506978
,149.0,M,https://cdn.shopify.com/s/files/1/0752/9316/3737/files/photo_2024-06-22_19-49-03.jpg?v=1748506978
,149.0,M,https://cdn.shopify.com/s/files/1/0752/9316/3737/files/photo_2024-06-22_19-49-03_2.jpg?v=1748506978
,149.0,L,https://cdn.shopify.com/s/files/1/0752/9316/3737/files/photo_2024-06-22_19-49-03.jpg?v=1748506978
,149.0,L,https://cdn.shopify.com/s/files/1/0752/9316/3737/files/photo_2024-06-22_19-49-03_2.jpg?v=1748506978
,149.0,XL,https://cdn.shopify.com/s/files/1/0752/9316/3737/files/photo_2024-06-22_19-49-03.jpg?v=1748506978
,149.0,XL,https://cdn.shopify.com/s/files/1/0752/9316/3737/files/photo_2024-06-22_19-49-03_2.jpg?v=1748506978
,149.0,XXL,https://cdn.shopify.com/s/files/1/0752/9316/3737/files/photo_2024-06-22_19-49-03.jpg?v=1748506978
,149.0,XXL,https://cdn.shopify.com/s/files/1/0752/9316/3737/files/photo_2024-06-22_19-49-03_2.jpg?v=1748506978
,149.0,3XL,https://cdn.shopify.com/s/files/1/0752/9316/3737/files/photo_2024-06-22_19-49-03.jpg?v=1748506978
,149.0,3XL,https://cdn.shopify.com/s/files/1/0752/9316/3737/files/photo_2024-06-22_19-49-03_2.jpg?v=1748506978
Monogram Prestige Polo,149.0,S,https://cdn.shopify.com/s/files/1/0752/9316/3737/files/RIRO_3.jpg?v=1748506973
,149.0,S,https://cdn.shopify.com/s/files/1/0752/9316/3737/files/RIRO_1.jpg?v=1748506974
,149.0,S,https://cdn.shopify.com/s/files/1/0752/9316/3737/files/RIRO_4.jpg?v=1748506974
,149.0,M,https://cdn.shopify.com/s/files/1/0752/9316/3737/files/RIRO_3.jpg?v=1748506973
,149.0,M,https://cdn.shopify.com/s/files/1/0752/9316/3737/files/RIRO_1.jpg?v=1748506974
,149.0,M,https://cdn.shopify.com/s/files/1/0752/9316/3737/files/RIRO_4.jpg?v=1748506974
,149.0,L,https://cdn.shopify.com/s/files/1/0752/9316/3737/files/RIRO_3.jpg?v=1748506973
,149.0,L,https://cdn.shopify.com/s/files/1/0752/9316/3737/files/RIRO_1.jpg?v=1748506974
,149.0,L,https://cdn.shopify.com/s/files/1/0752/9316/3737/files/RIRO_4.jpg?v=1748506974
,149.0,XL,https://cdn.shopify.com/s/files/1/0752/9316/3737/files/RIRO_3.jpg?v=1748506973
,149.0,XL,https://cdn.shopify.com/s/files/1/0752/9316/3737/files/RIRO_1.jpg?v=1748506974
,149.0,XL,https://cdn.shopify.com/s/files/1/0752/9316/3737/files/RIRO_4.jpg?v=1748506974
,149.0,XXL,https://cdn.shopify.com/s/files/1/0752/9316/3737/files/RIRO_3.jpg?v=1748506973
,149.0,XXL,https://cdn.shopify.com/s/files/1/0752/9316/3737/files/RIRO_1.jpg?v=1748506974
,149.0,XXL,https://cdn.shopify.com/s/files/1/0752/9316/3737/files/RIRO_4.jpg?v=1748506974
,149.0,3XL,https://cdn.shopify.com/s/files/1/0752/9316/3737/files/RIRO_3.jpg?v=1748506973
,149.0,3XL,https://cdn.shopify.com/s/files/1/0752/9316/3737/files/RIRO_1.jpg?v=1748506974
,149.0,3XL,https://cdn.shopify.com/s/files/1/0752/9316/3737/files/RIRO_4.jpg?v=1748506974
BoldMove Imported Short Sleeve Tee,149.0,S,https://cdn.shopify.com/s/files/1/0752/9316/3737/files/photo_2025-03-05_14-10-48.jpg?v=1748506966
,149.0,S,https://cdn.shopify.com/s/files/1/0752/9316/3737/files/photo_2025-03-05_14-10-46.jpg?v=1748506966
,149.0,S,https://cdn.shopify.com/s/files/1/0752/9316/3737/files/photo_2025-03-05_14-10-47.jpg?v=1748506966
,149.0,S,https://cdn.shopify.com/s/files/1/0752/9316/3737/files/photo_2025-03-05_14-10-49_2.jpg?v=1748506966
,149.0,S,https://cdn.shopify.com/s/files/1/0752/9316/3737/files/photo_2025-03-05_14-10-49.jpg?v=1748506966
,149.0,M,https://cdn.shopify.com/s/files/1/0752/9316/3737/files/photo_2025-03-05_14-10-48.jpg?v=1748506966
,149.0,M,https://cdn.shopify.com/s/files/1/0752/9316/3737/files/photo_2025-03-05_14-10-46.jpg?v=1748506966
,149.0,M,https://cdn.shopify.com/s/files/1/0752/9316/3737/files/photo_2025-03-05_14-10-47.jpg?v=1748506966
,149.0,M,https://cdn.shopify.com/s/files/1/0752/9316/3737/files/photo_2025-03-05_14-10-49_2.jpg?v=1748506966
,149.0,M,https://cdn.shopify.com/s/files/1/0752/9316/3737/files/photo_2025-03-05_14-10-49.jpg?v=1748506966
,149.0,L,https://cdn.shopify.com/s/files/1/0752/9316/3737/files/photo_2025-03-05_14-10-48.jpg?v=1748506966
,149.0,L,https://cdn.shopify.com/s/files/1/0752/9316/3737/files/photo_2025-03-05_14-10-46.jpg?v=1748506966
,149.0,L,https://cdn.shopify.com/s/files/1/0752/9316/3737/files/photo_2025-03-05_14-10-47.jpg?v=1748506966
,149.0,L,https://cdn.shopify.com/s/files/1/0752/9316/3737/files/photo_2025-03-05_14-10-49_2.jpg?v=1748506966
,149.0,L,https://cdn.shopify.com/s/files/1/0752/9316/3737/files/photo_2025-03-05_14-10-49.jpg?v=1748506966
,149.0,XL,https://cdn.shopify.com/s/files/1/0752/9316/3737/files/photo_2025-03-05_14-10-48.jpg?v=1748506966
,149.0,XL,https://cdn.shopify.com/s/files/1/0752/9316/3737/files/photo_2025-03-05_14-10-46.jpg?v=1748506966
,149.0,XL,https://cdn.shopify.com/s/files/1/0752/9316/3737/files/photo_2025-03-05_14-10-47.jpg?v=1748506966
,149.0,XL,https://cdn.shopify.com/s/files/1/0752/9316/3737/files/photo_2025-03-05_14-10-49_2.jpg?v=1748506966
,149.0,XL,https://cdn.shopify.com/s/files/1/0752/9316/3737/files/photo_2025-03-05_14-10-49.jpg?v=1748506966
,149.0,XXL,https://cdn.shopify.com/s/files/1/0752/9316/3737/files/photo_2025-03-05_14-10-48.jpg?v=1748506966
,149.0,XXL,https://cdn.shopify.com/s/files/1/0752/9316/3737/files/photo_2025-03-05_14-10-46.jpg?v=1748506966
,149.0,XXL,https://cdn.shopify.com/s/files/1/0752/9316/3737/files/photo_2025-03-05_14-10-47.jpg?v=1748506966
,149.0,XXL,https://cdn.shopify.com/s/files/1/0752/9316/3737/files/photo_2025-03-05_14-10-49_2.jpg?v=1748506966
,149.0,XXL,https://cdn.shopify.com/s/files/1/0752/9316/3737/files/photo_2025-03-05_14-10-49.jpg?v=1748506966
,149.0,3XL,https://cdn.shopify.com/s/files/1/0752/9316/3737/files/photo_2025-03-05_14-10-48.jpg?v=1748506966
,149.0,3XL,https://cdn.shopify.com/s/files/1/0752/9316/3737/files/photo_2025-03-05_14-10-46.jpg?v=1748506966
,149.0,3XL,https://cdn.shopify.com/s/files/1/0752/9316/3737/files/photo_2025-03-05_14-10-47.jpg?v=1748506966
,149.0,3XL,https://cdn.shopify.com/s/files/1/0752/9316/3737/files/photo_2025-03-05_14-10-49_2.jpg?v=1748506966
,149.0,3XL,https://cdn.shopify.com/s/files/1/0752/9316/3737/files/photo_2025-03-05_14-10-49.jpg?v=1748506966
Milano Supreme Regular Fit Polo T-Shirt,149.0,S,https://cdn.shopify.com/s/files/1/0752/9316/3737/files/photo_2024-07-31_13-15-36.jpg?v=1748506956
,149.0,S,https://cdn.shopify.com/s/files/1/0752/9316/3737/files/photo_2024-07-31_13-15-41.jpg?v=1748506956
,149.0,M,https://cdn.shopify.com/s/files/1/0752/9316/3737/files/photo_2024-07-31_13-15-36.jpg?v=1748506956
,149.0,M,https://cdn.shopify.com/s/files/1/0752/9316/3737/files/photo_2024-07-31_13-15-41.jpg?v=1748506956
,149.0,L,https://cdn.shopify.com/s/files/1/0752/9316/3737/files/photo_2024-07-31_13-15-36.jpg?v=1748506956
,149.0,L,https://cdn.shopify.com/s/files/1/0752/9316/3737/files/photo_2024-07-31_13-15-41.jpg?v=1748506956
,149.0,XL,https://cdn.shopify.com/s/files/1/0752/9316/3737/files/photo_2024-07-31_13-15-36.jpg?v=1748506956
,149.0,XL,https://cdn.shopify.com/s/files/1/0752/9316/3737/files/photo_2024-07-31_13-15-41.jpg?v=1748506956
,149.0,XXL,https://cdn.shopify.com/s/files/1/0752/9316/3737/files/photo_2024-07-31_13-15-36.jpg?v=1748506956
,149.0,XXL,https://cdn.shopify.com/s/files/1/0752/9316/3737/files/photo_2024-07-31_13-15-41.jpg?v=1748506956
,149.0,3XL,https://cdn.shopify.com/s/files/1/0752/9316/3737/files/photo_2024-07-31_13-15-36.jpg?v=1748506956
,149.0,3XL,https://cdn.shopify.com/s/files/1/0752/9316/3737/files/photo_2024-07-31_13-15-41.jpg?v=1748506956
Z Vogue Premium short-Sleeve Tshirt For Men,149.0,S,https://cdn.shopify.com/s/files/1/0752/9316/3737/files/photo_2025-02-22_17-25-51.jpg?v=1748506951
,149.0,S,https://cdn.shopify.com/s/files/1/0752/9316/3737/files/photo_2024-07-12_15-59-07.jpg?v=1748506951
,149.0,S,https://cdn.shopify.com/s/files/1/0752/9316/3737/files/photo_2025-02-22_17-26-04.jpg?v=1748506951
,149.0,S,https://cdn.shopify.com/s/files/1/0752/9316/3737/files/photo_2024-07-12_15-59-08.jpg?v=1748506951
,149.0,M,https://cdn.shopify.com/s/files/1/0752/9316/3737/files/photo_2025-02-22_17-25-55.jpg?v=1748506951
,149.0,M,https://cdn.shopify.com/s/files/1/0752/9316/3737/files/photo_2024-07-12_15-59-07_3.jpg?v=1748506951
,149.0,M,https://cdn.shopify.com/s/files/1/0752/9316/3737/files/photo_2025-02-22_17-26-00.jpg?v=1748506951
,149.0,M,https://cdn.shopify.com/s/files/1/0752/9316/3737/files/photo_2024-07-12_15-59-07_2.jpg?v=1748506951
Vintage Old Money Premium Tshirt,149.0,S,https://cdn.shopify.com/s/files/1/0752/9316/3737/files/photo_2025-02-28_21-31-05.jpg?v=1748506943
,149.0,M,https://cdn.shopify.com/s/files/1/0752/9316/3737/files/Untitled_design_3.jpg?v=1748506943
,149.0,L,https://cdn.shopify.com/s/files/1/0752/9316/3737/files/photo_2025-02-28_21-31-03.jpg?v=1748506943
,149.0,XL,https://cdn.shopify.com/s/files/1/0752/9316/3737/files/photo_2025-02-28_21-31-18.jpg?v=1748506943
,149.0,XXL,https://cdn.shopify.com/s/files/1/0752/9316/3737/files/photo_2025-02-28_21-31-17.jpg?v=1748506943
Classic Old Money Vintage T-Shirt,149.0,S,https://cdn.shopify.com/s/files/1/0752/9316/3737/files/photo_2025-02-28_21-39-57_2.jpg?v=1748506936
,149.0,M,https://cdn.shopify.com/s/files/1/0752/9316/3737/files/photo_2025-02-28_21-39-58.jpg?v=1748506936
,149.0,L,https://cdn.shopify.com/s/files/1/0752/9316/3737/files/photo_2025-02-28_21-40-03_2.jpg?v=1748506936
,149.0,XL,https://cdn.shopify.com/s/files/1/0752/9316/3737/files/photo_2025-02-28_21-40-03.jpg?v=1748506936
,149.0,XXL,https://cdn.shopify.com/s/files/1/0752/9316/3737/files/photo_2025-02-28_21-39-57.jpg?v=1748506936
,149.0,3XL,https://cdn.shopify.com/s/files/1/0752/9316/3737/files/photo_2025-02-28_21-39-56.jpg?v=1748506936
Aeromax Round Neck Essential Full Sleeve T-Shirt,149.0,LightGray,https://cdn.shopify.com/s/files/1/0752/9316/3737/files/photo_2025-02-25_23-07-22.jpg?v=1748506922
,149.0,LightGray,https://cdn.shopify.com/s/files/1/0752/9316/3737/files/photo_2025-02-25_23-07-22.jpg?v=1748506922
,149.0,LightGray,https://cdn.shopify.com/s/files/1/0752/9316/3737/files/photo_2025-02-25_23-07-22.jpg?v=1748506922
,149.0,LightGray,https://cdn.shopify.com/s/files/1/0752/9316/3737/files/photo_2025-02-25_23-07-22.jpg?v=1748506922
,149.0,LightGray,https://cdn.shopify.com/s/files/1/0752/9316/3737/files/photo_2025-02-25_23-07-22.jpg?v=1748506922
,149.0,LightGray,https://cdn.shopify.com/s/files/1/0752/9316/3737/files/photo_2025-02-25_23-07-22.jpg?v=1748506922
,149.0,Black,https://cdn.shopify.com/s/files/1/0752/9316/3737/files/photo_2025-02-25_23-07-21.jpg?v=1748506923
,149.0,Black,https://cdn.shopify.com/s/files/1/0752/9316/3737/files/photo_2025-02-25_23-07-21.jpg?v=1748506923
,149.0,Black,https://cdn.shopify.com/s/files/1/0752/9316/3737/files/photo_2025-02-25_23-07-21.jpg?v=1748506923
,149.0,Black,https://cdn.shopify.com/s/files/1/0752/9316/3737/files/photo_2025-02-25_23-07-21.jpg?v=1748506923
,149.0,Black,https://cdn.shopify.com/s/files/1/0752/9316/3737/files/photo_2025-02-25_23-07-21.jpg?v=1748506923
,149.0,Black,https://cdn.shopify.com/s/files/1/0752/9316/3737/files/photo_2025-02-25_23-07-21.jpg?v=1748506923
